TIME,TEMP,HUM,BATT,LIGHT,NOISE_A,PRESS,CCS811_VOCS,CCS811_ECO2,PM_1,PM_25,PM_10
ISO 8601,C,%,%,Lux,dBA,kPa,ppb,ppm,ug/m3,ug/m3,ug/m3
Time,Temperature,Humidity,Battery,Light,Noise dBA,Barometric pressure,VOC Gas CCS811,eCO2 Gas CCS811,PM 1.0,PM 2.5,PM 10.0
,55,56,10,14,53,58,113,112,89,87,88
2023-08-10T00:00:10Z,22.55,77.43,99,0,34.95,101.99,87.00,977.00,0,0,0
2023-08-10T00:01:10Z,22.53,77.50,100,0,39.69,101.99,86.00,967.00,null,null,null
2023-08-10T00:02:10Z,22.53,77.47,100,0,47.58,101.99,86.00,967.00,null,null,null
2023-08-10T00:03:10Z,22.55,77.45,100,0,36.52,101.99,85.00,961.00,null,null,null
2023-08-10T00:04:10Z,22.55,77.47,100,0,54.26,101.99,85.00,961.00,null,null,null
2023-08-10T00:05:10Z,22.55,77.46,100,0,44.06,101.99,82.00,940.00,0,0,0
2023-08-10T00:06:10Z,22.53,77.46,100,0,33.82,101.99,82.00,940.00,null,null,null
2023-08-10T00:07:10Z,22.55,77.46,100,0,39.94,101.98,82.00,940.00,null,null,null
2023-08-10T00:08:10Z,22.53,77.39,100,0,59.74,101.99,80.00,930.00,null,null,null
2023-08-10T00:09:10Z,22.55,77.47,100,0,55.91,101.99,80.00,930.00,null,null,null
2023-08-10T00:10:10Z,22.52,77.42,100,0,56.46,101.98,79.00,920.00,0,0,0
2023-08-10T00:11:10Z,22.52,77.48,100,0,52.87,101.99,79.00,920.00,null,null,null
2023-08-10T00:12:10Z,22.53,77.43,100,0,36.34,101.99,79.00,920.00,null,null,null
2023-08-10T00:13:10Z,22.55,77.39,100,0,50.41,101.99,78.00,913.00,null,null,null
2023-08-10T00:14:10Z,22.51,77.40,100,0,55.75,101.99,76.00,900.00,null,null,null
2023-08-10T00:15:10Z,22.51,77.42,100,0,48.06,101.99,76.00,900.00,0,0,0
2023-08-10T00:16:10Z,22.53,77.42,100,0,42.74,101.99,74.00,891.00,null,null,null
2023-08-10T00:17:10Z,22.51,77.45,100,0,47.98,101.99,74.00,891.00,null,null,null
2023-08-10T00:18:10Z,22.53,77.37,100,0,39.85,102.00,73.00,882.00,null,null,null
2023-08-10T00:19:10Z,22.53,77.34,100,0,52.13,102.00,73.00,882.00,null,null,null
2023-08-10T00:20:10Z,22.52,77.43,100,0,52.10,102.00,73.00,882.00,0,0,0
2023-08-10T00:21:10Z,22.52,77.47,100,0,48.33,102.00,70.00,863.00,null,null,null
2023-08-10T00:22:10Z,22.53,77.36,100,0,38.11,102.00,73.00,882.00,null,null,null
2023-08-10T00:23:10Z,22.53,77.38,100,0,48.98,101.99,72.00,877.00,null,null,null
2023-08-10T00:24:10Z,22.51,77.36,100,0,56.96,102.00,72.00,877.00,null,null,null
2023-08-10T00:25:10Z,22.51,77.36,100,0,47.57,102.00,70.00,863.00,0,0,0
2023-08-10T00:26:10Z,22.51,77.39,100,0,34.19,101.99,70.00,863.00,null,null,null
2023-08-10T00:27:10Z,22.52,77.36,100,0,37.09,101.99,70.00,863.00,null,null,null
2023-08-10T00:28:10Z,22.53,77.31,100,0,38.57,101.99,70.00,863.00,null,null,null
2023-08-10T00:29:10Z,22.53,77.33,100,0,45.87,101.99,69.00,855.00,null,null,null
2023-08-10T00:30:10Z,22.51,77.36,100,0,34.22,101.99,68.00,848.00,0,0,0
2023-08-10T00:31:10Z,22.52,77.42,99,0,45.26,101.99,68.00,848.00,null,null,null
2023-08-10T00:32:10Z,22.52,77.35,100,0,40.70,101.99,68.00,848.00,null,null,null
2023-08-10T00:33:10Z,22.51,77.36,100,0,57.12,101.99,66.00,838.00,null,null,null
2023-08-10T00:34:10Z,22.51,77.38,100,0,36.10,101.98,66.00,838.00,null,null,null
2023-08-10T00:35:10Z,22.51,77.46,100,0,51.49,101.98,66.00,838.00,0,0,0
2023-08-10T00:36:10Z,22.52,77.48,100,0,44.37,101.98,66.00,838.00,null,null,null
2023-08-10T00:37:10Z,22.51,77.46,100,0,51.28,101.99,66.00,838.00,null,null,null
2023-08-10T00:38:10Z,22.52,77.45,100,0,38.98,101.98,65.00,832.00,null,null,null
2023-08-10T00:39:10Z,22.52,77.41,100,0,36.65,101.98,65.00,832.00,null,null,null
2023-08-10T00:40:10Z,22.46,77.42,100,0,51.98,101.98,65.00,832.00,0,0,0
2023-08-10T00:41:10Z,22.51,77.47,100,0,33.83,101.98,63.00,819.00,null,null,null
2023-08-10T00:42:10Z,22.51,77.40,100,0,46.72,101.98,63.00,819.00,null,null,null
2023-08-10T00:43:10Z,22.52,77.35,99,0,63.05,101.99,62.00,813.00,null,null,null
2023-08-10T00:44:10Z,22.51,77.34,100,0,43.67,101.98,62.00,813.00,null,null,null
2023-08-10T00:45:10Z,22.48,77.39,100,0,52.04,101.99,62.00,813.00,0,0,0
2023-08-10T00:46:10Z,22.51,77.39,100,0,39.88,101.99,62.00,808.00,null,null,null
2023-08-10T00:47:10Z,22.51,77.32,100,0,50.06,101.99,62.00,808.00,null,null,null
2023-08-10T00:48:10Z,22.52,77.35,100,0,44.03,101.99,62.00,808.00,null,null,null
2023-08-10T00:49:10Z,22.49,77.33,100,0,37.93,101.99,60.00,800.00,null,null,null
2023-08-10T00:50:10Z,22.49,77.35,100,0,60.17,101.99,60.00,800.00,0,0,0
2023-08-10T00:51:10Z,22.49,77.40,99,0,43.53,101.99,60.00,800.00,null,null,null
2023-08-10T00:52:10Z,22.51,77.36,99,0,45.20,101.99,60.00,800.00,null,null,null
2023-08-10T00:53:10Z,22.49,77.32,100,0,39.81,101.99,58.00,785.00,null,null,null
2023-08-10T00:54:10Z,22.49,77.33,100,0,45.46,102.00,58.00,785.00,null,null,null
2023-08-10T00:55:10Z,22.49,77.33,99,0,37.22,101.99,58.00,785.00,0,0,0
2023-08-10T00:56:10Z,22.48,77.39,100,0,46.74,102.00,58.00,785.00,null,null,null
2023-08-10T00:57:10Z,22.51,77.36,100,0,40.94,101.99,59.00,793.00,null,null,null
2023-08-10T00:58:10Z,22.51,77.37,100,0,36.55,101.99,58.00,785.00,null,null,null
2023-08-10T00:59:10Z,22.49,77.34,100,0,47.57,101.99,59.00,793.00,null,null,null
2023-08-10T01:00:10Z,22.46,77.36,100,0,40.84,101.99,58.00,785.00,0,0,0
2023-08-10T01:01:10Z,22.52,77.38,100,0,49.84,101.99,56.00,772.00,null,null,null
2023-08-10T01:02:10Z,22.49,77.36,100,0,47.29,101.99,57.00,776.00,null,null,null
2023-08-10T01:03:10Z,22.49,77.34,100,0,57.38,101.99,58.00,785.00,null,null,null
2023-08-10T01:04:10Z,22.48,77.32,100,0,57.72,101.99,57.00,776.00,null,null,null
2023-08-10T01:05:10Z,22.48,77.34,100,0,44.35,101.99,56.00,772.00,0,0,0
2023-08-10T01:06:10Z,22.46,77.37,100,0,46.59,101.99,56.00,772.00,null,null,null
2023-08-10T01:07:10Z,22.49,77.30,100,0,47.62,101.99,56.00,772.00,null,null,null
2023-08-10T01:08:10Z,22.51,77.29,100,0,45.78,101.98,55.00,763.00,null,null,null
2023-08-10T01:09:10Z,22.46,77.25,100,0,45.63,101.98,56.00,772.00,null,null,null
2023-08-10T01:10:10Z,22.46,77.34,100,0,38.36,101.98,58.00,785.00,0,0,0
2023-08-10T01:11:10Z,22.49,77.40,100,0,53.61,101.98,59.00,793.00,null,null,null
2023-08-10T01:12:10Z,22.46,77.29,99,0,54.01,101.98,59.00,793.00,null,null,null
2023-08-10T01:13:10Z,22.49,77.29,100,0,51.45,101.98,59.00,793.00,null,null,null
2023-08-10T01:14:10Z,22.49,77.30,100,0,56.51,101.98,59.00,793.00,null,null,null
2023-08-10T01:15:10Z,22.45,77.34,100,0,50.17,101.98,59.00,793.00,0,0,0
2023-08-10T01:16:10Z,22.49,77.40,100,0,33.17,101.98,63.00,819.00,null,null,null
2023-08-10T01:17:10Z,22.48,77.28,100,0,34.00,101.98,73.00,882.00,null,null,null
2023-08-10T01:18:10Z,22.49,77.30,100,0,33.65,101.98,82.00,940.00,null,null,null
2023-08-10T01:19:10Z,22.48,77.32,99,0,33.33,101.97,87.00,977.00,null,null,null
2023-08-10T01:20:10Z,22.45,77.28,100,0,33.60,101.98,89.00,987.00,0,0,0
2023-08-10T01:21:10Z,22.46,77.45,100,0,33.74,101.98,89.00,987.00,null,null,null
2023-08-10T01:22:10Z,22.48,77.35,100,0,37.29,101.98,87.00,977.00,null,null,null
2023-08-10T01:23:10Z,22.48,77.40,100,0,34.34,101.98,86.00,967.00,null,null,null
2023-08-10T01:24:10Z,22.49,77.44,100,0,34.05,101.97,82.00,940.00,null,null,null
2023-08-10T01:25:10Z,22.46,77.39,100,0,34.22,101.97,80.00,930.00,0,0,0
2023-08-10T01:26:10Z,22.45,77.50,100,0,34.31,101.98,82.00,940.00,null,null,null
2023-08-10T01:27:10Z,22.46,77.45,100,0,33.99,101.98,82.00,940.00,null,null,null
2023-08-10T01:28:10Z,22.46,77.41,100,0,34.18,101.98,80.00,930.00,null,null,null
2023-08-10T01:29:10Z,22.48,77.40,100,0,34.96,101.98,80.00,930.00,null,null,null
2023-08-10T01:30:10Z,22.45,77.39,99,0,33.73,101.98,79.00,920.00,0,0,0
2023-08-10T01:31:10Z,22.48,77.50,100,0,34.33,101.98,76.00,900.00,null,null,null
2023-08-10T01:32:10Z,22.48,77.43,100,0,34.77,101.98,76.00,900.00,null,null,null
2023-08-10T01:33:10Z,22.46,77.39,100,0,35.15,101.97,76.00,900.00,null,null,null
2023-08-10T01:34:10Z,22.46,77.40,100,0,35.24,101.97,74.00,891.00,null,null,null
2023-08-10T01:35:10Z,22.45,77.42,100,0,35.21,101.97,74.00,891.00,0,0,0
2023-08-10T01:36:10Z,22.46,77.47,100,0,34.74,101.98,72.00,877.00,null,null,null
2023-08-10T01:37:10Z,22.46,77.44,100,0,33.98,101.98,72.00,877.00,null,null,null
2023-08-10T01:38:10Z,22.46,77.46,100,0,38.20,101.98,70.00,863.00,null,null,null
2023-08-10T01:39:10Z,22.43,77.44,100,0,34.85,101.98,69.00,855.00,null,null,null
2023-08-10T01:40:10Z,22.45,77.40,100,0,34.51,101.98,68.00,848.00,0,0,0
2023-08-10T01:41:10Z,22.43,77.49,100,0,35.50,101.97,66.00,838.00,null,null,null
2023-08-10T01:42:10Z,22.46,77.47,100,0,34.39,101.97,66.00,838.00,null,null,null
2023-08-10T01:43:10Z,22.43,77.38,100,0,35.80,101.97,65.00,832.00,null,null,null
2023-08-10T01:44:10Z,22.43,77.44,100,0,34.49,101.97,65.00,832.00,null,null,null
2023-08-10T01:45:10Z,22.42,77.41,100,0,35.38,101.98,63.00,819.00,0,0,0
2023-08-10T01:46:10Z,22.43,77.51,100,0,37.38,101.98,62.00,813.00,null,null,null
2023-08-10T01:47:10Z,22.46,77.45,100,0,36.12,101.98,62.00,813.00,null,null,null
2023-08-10T01:48:10Z,22.45,77.39,100,0,35.13,101.98,62.00,813.00,null,null,null
2023-08-10T01:49:10Z,22.41,77.42,100,0,35.99,101.98,62.00,808.00,null,null,null
2023-08-10T01:50:10Z,22.39,77.44,100,0,34.33,101.98,60.00,800.00,0,0,0
2023-08-10T01:51:10Z,22.43,77.48,100,0,34.59,101.98,60.00,800.00,null,null,null
2023-08-10T01:52:10Z,22.41,77.39,100,0,34.81,101.98,59.00,793.00,null,null,null
2023-08-10T01:53:10Z,22.42,77.36,100,0,36.06,101.98,59.00,793.00,null,null,null
2023-08-10T01:54:10Z,22.42,77.34,100,0,36.21,101.98,58.00,785.00,null,null,null
2023-08-10T01:55:10Z,22.41,77.43,100,0,35.42,101.98,58.00,785.00,0,0,0
2023-08-10T01:56:10Z,22.38,77.52,100,0,34.51,101.98,58.00,785.00,null,null,null
2023-08-10T01:57:10Z,22.41,77.42,100,0,34.86,101.98,58.00,785.00,null,null,null
2023-08-10T01:58:10Z,22.42,77.37,100,0,34.11,101.98,57.00,776.00,null,null,null
2023-08-10T01:59:10Z,22.41,77.50,100,0,35.37,101.97,57.00,776.00,null,null,null
2023-08-10T02:00:10Z,22.39,77.52,100,0,34.73,101.97,57.00,776.00,0,0,0
2023-08-10T02:01:10Z,22.41,77.57,100,0,35.86,101.97,56.00,772.00,null,null,null
2023-08-10T02:02:10Z,22.42,77.56,99,0,36.31,101.97,56.00,772.00,null,null,null
2023-08-10T02:03:10Z,22.39,77.54,100,0,38.81,101.97,56.00,772.00,null,null,null
2023-08-10T02:04:10Z,22.41,77.57,100,0,37.43,101.97,55.00,763.00,null,null,null
2023-08-10T02:05:10Z,22.41,77.51,100,0,38.05,101.96,55.00,763.00,0,0,0
2023-08-10T02:06:10Z,22.41,77.65,100,0,35.75,101.96,55.00,763.00,null,null,null
2023-08-10T02:07:10Z,22.41,77.55,100,0,36.64,101.96,54.00,757.00,null,null,null
2023-08-10T02:08:10Z,22.39,77.52,100,0,34.59,101.96,53.00,748.00,null,null,null
2023-08-10T02:09:10Z,22.39,77.50,100,0,35.00,101.96,51.00,740.00,null,null,null
2023-08-10T02:10:10Z,22.36,77.57,100,0,34.43,101.96,51.00,740.00,0,0,0
2023-08-10T02:11:10Z,22.39,77.60,100,0,34.84,101.96,53.00,748.00,null,null,null
2023-08-10T02:12:10Z,22.41,77.57,100,0,34.03,101.95,53.00,748.00,null,null,null
2023-08-10T02:13:10Z,22.39,77.51,100,0,34.27,101.95,51.00,740.00,null,null,null
2023-08-10T02:14:10Z,22.39,77.51,100,0,33.57,101.95,51.00,740.00,null,null,null
2023-08-10T02:15:10Z,22.41,77.52,100,0,35.06,101.95,50.00,733.00,0,0,0
2023-08-10T02:16:10Z,22.39,77.66,100,0,36.09,101.95,50.00,730.00,null,null,null
2023-08-10T02:17:10Z,22.39,77.56,100,0,35.06,101.95,50.00,730.00,null,null,null
2023-08-10T02:18:10Z,22.41,77.57,100,0,36.77,101.95,50.00,730.00,null,null,null
2023-08-10T02:19:10Z,22.41,77.54,100,0,35.18,101.94,50.00,730.00,null,null,null
2023-08-10T02:20:10Z,22.38,77.54,100,0,34.34,101.95,47.00,714.00,0,0,0
2023-08-10T02:21:10Z,22.39,77.67,100,0,34.21,101.94,47.00,714.00,null,null,null
2023-08-10T02:22:10Z,22.41,77.63,100,0,34.46,101.94,47.00,714.00,null,null,null
2023-08-10T02:23:10Z,22.41,77.64,100,0,33.83,101.93,47.00,710.00,null,null,null
2023-08-10T02:24:10Z,22.38,77.62,100,0,35.63,101.94,47.00,710.00,null,null,null
2023-08-10T02:25:10Z,22.39,77.63,100,0,34.66,101.94,46.00,704.00,0,0,0
2023-08-10T02:26:10Z,22.38,77.76,100,0,33.83,101.94,46.00,704.00,null,null,null
2023-08-10T02:27:10Z,22.39,77.65,100,0,38.12,101.94,44.00,690.00,null,null,null
2023-08-10T02:28:10Z,22.36,77.57,100,0,34.56,101.94,46.00,706.00,null,null,null
2023-08-10T02:29:10Z,22.36,77.60,100,0,34.49,101.93,46.00,706.00,null,null,null
2023-08-10T02:30:10Z,22.38,77.66,100,0,34.08,101.93,44.00,694.00,0,0,0
2023-08-10T02:31:10Z,22.38,77.65,100,0,34.55,101.93,45.00,699.00,null,null,null
2023-08-10T02:32:10Z,22.39,77.55,100,0,34.72,101.93,45.00,699.00,null,null,null
2023-08-10T02:33:10Z,22.38,77.59,100,0,34.27,101.93,44.00,694.00,null,null,null
2023-08-10T02:34:10Z,22.36,77.59,100,0,34.95,101.93,42.00,682.00,null,null,null
2023-08-10T02:35:10Z,22.36,77.61,100,0,35.11,101.93,44.00,694.00,0,0,0
2023-08-10T02:36:10Z,22.36,77.69,100,0,34.27,101.93,42.00,682.00,null,null,null
2023-08-10T02:37:10Z,22.36,77.57,100,0,35.33,101.93,42.00,682.00,null,null,null
2023-08-10T02:38:10Z,22.35,77.61,100,0,38.34,101.93,42.00,682.00,null,null,null
2023-08-10T02:39:10Z,22.35,77.56,100,0,39.15,101.94,42.00,678.00,null,null,null
2023-08-10T02:40:10Z,22.33,77.57,100,0,35.60,101.94,42.00,678.00,0,0,0
2023-08-10T02:41:10Z,22.35,77.66,100,0,34.78,101.94,42.00,678.00,null,null,null
2023-08-10T02:42:10Z,22.35,77.60,100,0,34.26,101.94,41.00,671.00,null,null,null
2023-08-10T02:43:10Z,22.36,77.64,99,0,34.65,101.94,41.00,671.00,null,null,null
2023-08-10T02:44:10Z,22.36,77.59,100,0,33.80,101.94,41.00,671.00,null,null,null
2023-08-10T02:45:10Z,22.33,77.60,100,0,34.56,101.94,39.00,660.00,0,0,0
2023-08-10T02:46:10Z,22.32,77.72,100,0,35.06,101.95,39.00,660.00,null,null,null
2023-08-10T02:47:10Z,22.33,77.64,100,0,36.57,101.94,39.00,660.00,null,null,null
2023-08-10T02:48:10Z,22.35,77.69,100,0,33.56,101.95,39.00,656.00,null,null,null
2023-08-10T02:49:10Z,22.35,77.65,100,0,34.21,101.95,39.00,660.00,null,null,null
2023-08-10T02:50:10Z,22.32,77.64,100,0,34.20,101.95,39.00,656.00,0,0,0
2023-08-10T02:51:10Z,22.33,77.68,99,0,36.90,101.95,37.00,649.00,null,null,null
2023-08-10T02:52:10Z,22.36,77.62,100,0,36.97,101.95,39.00,656.00,null,null,null
2023-08-10T02:53:10Z,22.35,77.62,100,0,34.84,101.94,39.00,656.00,null,null,null
2023-08-10T02:54:10Z,22.33,77.71,100,0,35.31,101.95,39.00,656.00,null,null,null
2023-08-10T02:55:10Z,22.32,77.66,100,0,34.51,101.95,39.00,656.00,0,0,0
2023-08-10T02:56:10Z,22.35,77.72,100,0,33.95,101.95,37.00,649.00,null,null,null
2023-08-10T02:57:10Z,22.33,77.70,100,0,35.14,101.95,37.00,649.00,null,null,null
2023-08-10T02:58:10Z,22.32,77.71,100,0,35.56,101.95,37.00,649.00,null,null,null
2023-08-10T02:59:10Z,22.32,77.63,100,0,34.34,101.95,37.00,649.00,null,null,null
2023-08-10T03:00:10Z,22.32,77.63,100,0,33.53,101.94,37.00,649.00,0,0,0
2023-08-10T03:01:10Z,22.33,77.77,100,0,35.34,101.94,37.00,649.00,null,null,null
2023-08-10T03:02:10Z,22.35,77.71,100,0,34.90,101.94,36.00,637.00,null,null,null
2023-08-10T03:03:10Z,22.32,77.69,100,0,34.79,101.94,36.00,641.00,null,null,null
2023-08-10T03:04:10Z,22.31,77.64,100,0,34.17,101.94,36.00,641.00,null,null,null
2023-08-10T03:05:10Z,22.31,77.70,100,0,33.83,101.94,36.00,637.00,0,0,0
2023-08-10T03:06:10Z,22.33,77.82,100,0,35.85,101.94,36.00,641.00,null,null,null
2023-08-10T03:07:10Z,22.32,77.73,100,0,35.45,101.94,35.00,631.00,null,null,null
2023-08-10T03:08:10Z,22.32,77.73,99,0,34.91,101.94,36.00,637.00,null,null,null
2023-08-10T03:09:10Z,22.32,77.76,100,0,35.54,101.94,36.00,637.00,null,null,null
2023-08-10T03:10:10Z,22.32,77.71,100,0,37.00,101.94,35.00,631.00,0,0,0
2023-08-10T03:11:10Z,22.31,77.85,100,0,33.98,101.93,36.00,637.00,null,null,null
2023-08-10T03:12:10Z,22.32,77.80,100,0,36.23,101.93,35.00,631.00,null,null,null
2023-08-10T03:13:10Z,22.33,77.81,100,0,38.70,101.92,35.00,631.00,null,null,null
2023-08-10T03:14:10Z,22.33,77.83,100,0,35.55,101.92,35.00,631.00,null,null,null
2023-08-10T03:15:10Z,22.31,77.83,100,0,35.23,101.93,34.00,624.00,0,0,0
2023-08-10T03:16:10Z,22.31,77.93,100,0,34.22,101.92,34.00,624.00,null,null,null
2023-08-10T03:17:10Z,22.32,77.98,100,0,36.45,101.93,34.00,624.00,null,null,null
2023-08-10T03:18:10Z,22.31,77.88,100,0,37.51,101.93,34.00,624.00,null,null,null
2023-08-10T03:19:10Z,22.32,77.93,100,0,35.60,101.93,34.00,624.00,null,null,null
2023-08-10T03:20:10Z,22.28,77.94,100,0,33.74,101.92,36.00,637.00,0,0,0
2023-08-10T03:21:10Z,22.32,78.18,100,0,34.79,101.92,53.00,752.00,null,null,null
2023-08-10T03:22:10Z,22.28,78.11,100,0,35.33,101.93,58.00,783.00,null,null,null
2023-08-10T03:23:10Z,22.31,78.12,100,0,35.76,101.92,59.00,793.00,null,null,null
2023-08-10T03:24:10Z,22.28,78.13,100,0,33.80,101.92,59.00,793.00,null,null,null
2023-08-10T03:25:10Z,22.28,78.04,100,0,34.25,101.93,58.00,783.00,0,0,0
2023-08-10T03:26:10Z,22.29,78.16,99,0,37.62,101.93,54.00,759.00,null,null,null
2023-08-10T03:27:10Z,22.31,78.08,100,0,36.16,101.92,53.00,752.00,null,null,null
2023-08-10T03:28:10Z,22.31,78.17,100,0,34.04,101.92,52.00,742.00,null,null,null
2023-08-10T03:29:10Z,22.28,78.17,100,0,36.34,101.92,52.00,742.00,null,null,null
2023-08-10T03:30:10Z,22.29,78.10,100,0,34.00,101.92,50.00,733.00,0,0,0
2023-08-10T03:31:10Z,22.29,78.18,100,0,35.40,101.92,49.00,728.00,null,null,null
2023-08-10T03:32:10Z,22.29,78.07,100,0,35.70,101.92,49.00,728.00,null,null,null
2023-08-10T03:33:10Z,22.29,78.18,100,0,36.02,101.92,49.00,728.00,null,null,null
2023-08-10T03:34:10Z,22.31,78.21,100,0,35.30,101.92,49.00,728.00,null,null,null
2023-08-10T03:35:10Z,22.25,78.30,100,0,36.21,101.92,47.00,715.00,0,0,0
2023-08-10T03:36:10Z,22.29,78.34,100,0,37.21,101.92,47.00,710.00,null,null,null
2023-08-10T03:37:10Z,22.26,78.29,100,0,34.27,101.92,47.00,710.00,null,null,null
2023-08-10T03:38:10Z,22.26,78.33,100,0,38.87,101.92,45.00,700.00,null,null,null
2023-08-10T03:39:10Z,22.26,78.26,99,0,34.91,101.92,44.00,694.00,null,null,null
2023-08-10T03:40:10Z,22.26,78.33,100,0,34.72,101.92,45.00,700.00,0,0,0
2023-08-10T03:41:10Z,22.26,78.38,100,0,35.30,101.92,43.00,686.00,null,null,null
2023-08-10T03:42:10Z,22.28,78.23,100,0,34.59,101.92,42.00,682.00,null,null,null
2023-08-10T03:43:10Z,22.26,78.22,100,0,35.08,101.92,44.00,692.00,null,null,null
2023-08-10T03:44:10Z,22.28,78.23,100,0,36.91,101.92,43.00,688.00,null,null,null
2023-08-10T03:45:10Z,22.28,78.30,100,0,34.35,101.92,43.00,688.00,0,0,0
2023-08-10T03:46:10Z,22.26,78.46,100,0,35.16,101.92,42.00,682.00,null,null,null
2023-08-10T03:47:10Z,22.29,78.34,100,0,34.52,101.92,41.00,671.00,null,null,null
2023-08-10T03:48:10Z,22.26,78.37,100,0,34.51,101.91,41.00,671.00,null,null,null
2023-08-10T03:49:10Z,22.25,78.41,100,0,35.16,101.92,40.00,666.00,null,null,null
2023-08-10T03:50:10Z,22.25,78.39,100,0,36.39,101.91,40.00,666.00,0,0,0
2023-08-10T03:51:10Z,22.28,78.55,100,0,35.77,101.91,40.00,666.00,null,null,null
2023-08-10T03:52:10Z,22.28,78.44,100,0,34.99,101.92,40.00,666.00,null,null,null
2023-08-10T03:53:10Z,22.26,78.44,100,0,36.52,101.91,39.00,657.00,null,null,null
2023-08-10T03:54:10Z,22.26,78.39,100,0,35.02,101.91,39.00,657.00,null,null,null
2023-08-10T03:55:10Z,22.26,78.42,100,0,35.39,101.91,38.00,650.00,0,0,0
2023-08-10T03:56:10Z,22.25,78.53,100,0,36.13,101.91,38.00,650.00,null,null,null
2023-08-10T03:57:10Z,22.28,78.41,100,0,33.97,101.91,39.00,657.00,null,null,null
2023-08-10T03:58:10Z,22.25,78.35,100,0,33.08,101.91,41.00,671.00,null,null,null
2023-08-10T03:59:10Z,22.23,78.47,100,0,38.83,101.92,42.00,682.00,null,null,null
2023-08-10T04:00:10Z,22.25,78.38,100,0,35.65,101.92,52.00,746.00,0,0,0
2023-08-10T04:01:10Z,22.22,78.58,100,0,36.42,101.92,52.00,746.00,null,null,null
2023-08-10T04:02:10Z,22.25,78.37,100,0,35.52,101.92,43.00,686.00,null,null,null
2023-08-10T04:03:10Z,22.25,78.37,100,0,35.07,101.92,41.00,671.00,null,null,null
2023-08-10T04:04:10Z,22.23,78.42,100,0,35.01,101.92,41.00,671.00,null,null,null
2023-08-10T04:05:10Z,22.22,78.39,100,0,35.19,101.93,50.00,733.00,0,0,0
2023-08-10T04:06:10Z,22.25,78.54,100,0,35.08,101.92,50.00,730.00,null,null,null
2023-08-10T04:07:10Z,22.25,78.43,100,0,35.71,101.93,41.00,671.00,null,null,null
2023-08-10T04:08:10Z,22.23,78.38,100,0,35.95,101.93,41.00,671.00,null,null,null
2023-08-10T04:09:10Z,22.23,78.42,100,0,34.87,101.93,50.00,730.00,null,null,null
2023-08-10T04:10:10Z,22.23,78.47,100,0,35.45,101.93,50.00,730.00,0,0,0
2023-08-10T04:11:10Z,22.23,78.54,100,0,34.78,101.93,50.00,730.00,null,null,null
2023-08-10T04:12:10Z,22.23,78.43,100,0,37.60,101.93,50.00,730.00,null,null,null
2023-08-10T04:13:10Z,22.23,78.42,100,0,34.44,101.92,50.00,730.00,null,null,null
2023-08-10T04:14:10Z,22.23,78.37,100,0,35.19,101.92,47.00,710.00,null,null,null
2023-08-10T04:15:10Z,22.22,78.49,100,0,35.43,101.92,47.00,710.00,0,0,0
2023-08-10T04:16:10Z,22.22,78.50,100,0,36.82,101.92,46.00,704.00,null,null,null
2023-08-10T04:17:10Z,22.23,78.39,100,0,34.39,101.92,47.00,710.00,null,null,null
2023-08-10T04:18:10Z,22.22,78.39,100,0,34.34,101.92,46.00,704.00,null,null,null
2023-08-10T04:19:10Z,22.23,78.33,100,0,38.04,101.92,45.00,697.00,null,null,null
2023-08-10T04:20:10Z,22.21,78.38,100,0,35.19,101.92,45.00,697.00,0,0,0
2023-08-10T04:21:10Z,22.22,78.46,100,0,34.88,101.92,43.00,688.00,null,null,null
2023-08-10T04:22:10Z,22.22,78.37,100,0,35.71,101.92,43.00,688.00,null,null,null
2023-08-10T04:23:10Z,22.21,78.31,100,0,35.58,101.93,43.00,688.00,null,null,null
2023-08-10T04:24:10Z,22.21,78.33,100,0,34.07,101.93,42.00,682.00,null,null,null
2023-08-10T04:25:10Z,22.19,78.31,100,0,34.22,101.93,42.00,682.00,0,0,0
2023-08-10T04:26:10Z,22.21,78.40,100,0,35.27,101.93,41.00,674.00,null,null,null
2023-08-10T04:27:10Z,22.21,78.34,100,0,35.59,101.93,41.00,674.00,null,null,null
2023-08-10T04:28:10Z,22.19,78.35,100,0,36.23,101.93,40.00,666.00,null,null,null
2023-08-10T04:29:10Z,22.21,78.29,100,0,35.91,101.94,40.00,666.00,null,null,null
2023-08-10T04:30:10Z,22.21,78.27,100,0,34.70,101.93,39.00,657.00,0,0,0
2023-08-10T04:31:10Z,22.21,78.43,100,0,34.81,101.93,38.00,653.00,null,null,null
2023-08-10T04:32:10Z,22.21,78.27,99,0,36.88,101.93,38.00,653.00,null,null,null
2023-08-10T04:33:10Z,22.19,78.36,100,0,34.99,101.93,38.00,653.00,null,null,null
2023-08-10T04:34:10Z,22.21,78.38,100,0,35.50,101.93,37.00,646.00,null,null,null
2023-08-10T04:35:10Z,22.18,78.49,100,0,37.82,101.93,37.00,646.00,0,0,0
2023-08-10T04:36:10Z,22.19,78.50,100,0,34.79,101.93,36.00,637.00,null,null,null
2023-08-10T04:37:10Z,22.19,78.43,100,0,36.27,101.93,36.00,637.00,null,null,null
2023-08-10T04:38:10Z,22.18,78.52,100,0,36.59,101.94,36.00,637.00,null,null,null
2023-08-10T04:39:10Z,22.18,78.47,100,0,34.32,101.94,37.00,646.00,null,null,null
2023-08-10T04:40:10Z,22.18,78.60,100,0,35.17,101.94,37.00,646.00,0,0,0
2023-08-10T04:41:10Z,22.18,78.76,100,0,34.09,101.94,35.00,633.00,null,null,null
2023-08-10T04:42:10Z,22.19,78.55,100,0,34.86,101.94,35.00,631.00,null,null,null
2023-08-10T04:43:10Z,22.18,78.57,100,0,35.17,101.94,35.00,633.00,null,null,null
2023-08-10T04:44:10Z,22.18,78.55,100,0,35.19,101.94,35.00,633.00,null,null,null
2023-08-10T04:45:10Z,22.15,78.64,100,0,33.90,101.94,34.00,626.00,0,0,0
2023-08-10T04:46:10Z,22.18,78.78,100,0,35.16,101.94,33.00,620.00,null,null,null
2023-08-10T04:47:10Z,22.18,78.74,100,0,34.13,101.94,33.00,620.00,null,null,null
2023-08-10T04:48:10Z,22.16,78.72,100,0,34.98,101.94,34.00,626.00,null,null,null
2023-08-10T04:49:10Z,22.18,78.83,100,0,35.06,101.94,33.00,620.00,null,null,null
2023-08-10T04:50:10Z,22.16,78.75,100,0,37.02,101.94,32.00,615.00,0,0,0
2023-08-10T04:51:10Z,22.15,79.09,100,0,35.61,101.94,32.00,615.00,null,null,null
2023-08-10T04:52:10Z,22.15,79.01,100,0,34.62,101.94,32.00,615.00,null,null,null
2023-08-10T04:53:10Z,22.15,78.83,100,0,34.87,101.94,32.00,615.00,null,null,null
2023-08-10T04:54:10Z,22.15,78.87,100,0,34.15,101.94,31.00,607.00,null,null,null
2023-08-10T04:55:10Z,22.16,78.92,100,0,38.14,101.94,30.00,600.00,0,0,0
2023-08-10T04:56:10Z,22.15,79.20,100,0,34.84,101.94,31.00,607.00,null,null,null
2023-08-10T04:57:10Z,22.16,79.04,100,0,34.69,101.94,31.00,607.00,null,null,null
2023-08-10T04:58:10Z,22.21,79.09,100,0,36.50,101.94,30.00,600.00,null,null,null
2023-08-10T04:59:10Z,22.13,78.99,100,0,37.14,101.94,28.00,589.00,null,null,null
2023-08-10T05:00:10Z,22.13,78.98,100,0,34.92,101.94,29.00,594.00,0,0,0
2023-08-10T05:01:10Z,22.18,79.18,100,0,38.78,101.94,29.00,594.00,null,null,null
2023-08-10T05:02:10Z,22.18,79.05,100,0,35.13,101.94,29.00,594.00,null,null,null
2023-08-10T05:03:10Z,22.16,79.02,100,0,36.76,101.94,28.00,589.00,null,null,null
2023-08-10T05:04:10Z,22.13,78.98,100,0,34.96,101.94,28.00,586.00,null,null,null
2023-08-10T05:05:10Z,22.15,79.00,100,0,35.91,101.93,28.00,589.00,0,0,0
2023-08-10T05:06:10Z,22.15,79.10,100,0,34.67,101.93,28.00,586.00,null,null,null
2023-08-10T05:07:10Z,22.18,78.95,100,0,35.41,101.93,28.00,586.00,null,null,null
2023-08-10T05:08:10Z,22.15,78.95,99,0,35.14,101.93,27.00,578.00,null,null,null
2023-08-10T05:09:10Z,22.15,78.93,100,0,34.24,101.93,26.00,572.00,null,null,null
2023-08-10T05:10:10Z,22.15,78.85,99,0,34.73,101.93,26.00,572.00,0,0,0
2023-08-10T05:11:10Z,22.15,78.96,100,0,34.64,101.93,25.00,567.00,null,null,null
2023-08-10T05:12:10Z,22.16,78.86,100,0,35.21,101.93,25.00,567.00,null,null,null
2023-08-10T05:13:10Z,22.16,78.82,100,0,36.76,101.93,24.00,561.00,null,null,null
2023-08-10T05:14:10Z,22.13,78.87,100,0,35.65,101.93,24.00,561.00,null,null,null
2023-08-10T05:15:10Z,22.13,78.82,100,0,35.83,101.93,25.00,567.00,0,0,0
2023-08-10T05:16:10Z,22.15,79.02,100,0,42.59,101.93,23.00,555.00,null,null,null
2023-08-10T05:17:10Z,22.13,78.95,100,0,34.65,101.93,24.00,561.00,null,null,null
2023-08-10T05:18:10Z,22.13,78.81,100,0,33.75,101.94,24.00,561.00,null,null,null
2023-08-10T05:19:10Z,22.13,78.82,100,0,38.84,101.94,23.00,555.00,null,null,null
2023-08-10T05:20:10Z,22.12,78.80,99,0,34.51,101.94,24.00,561.00,0,0,0
2023-08-10T05:21:10Z,22.13,78.95,100,0,34.94,101.94,23.00,555.00,null,null,null
2023-08-10T05:22:10Z,22.15,78.87,100,0,35.79,101.94,23.00,555.00,null,null,null
2023-08-10T05:23:10Z,22.12,78.81,100,0,36.15,101.94,24.00,561.00,null,null,null
2023-08-10T05:24:10Z,22.13,78.86,100,0,38.89,101.94,23.00,555.00,null,null,null
2023-08-10T05:25:10Z,22.12,78.82,100,0,36.58,101.95,24.00,561.00,0,0,0
2023-08-10T05:26:10Z,22.13,79.00,100,0,34.88,101.95,24.00,561.00,null,null,null
2023-08-10T05:27:10Z,22.13,78.90,100,0,34.39,101.95,24.00,561.00,null,null,null
2023-08-10T05:28:10Z,22.13,78.81,100,0,38.51,101.95,23.00,555.00,null,null,null
2023-08-10T05:29:10Z,22.11,78.82,100,1,33.48,101.95,23.00,555.00,null,null,null
2023-08-10T05:30:10Z,22.12,78.79,100,1,34.47,101.95,22.00,548.00,0,0,0
2023-08-10T05:31:10Z,22.12,78.92,99,1,34.79,101.95,22.00,548.00,null,null,null
2023-08-10T05:32:10Z,22.13,78.76,100,1,34.32,101.95,21.00,543.00,null,null,null
2023-08-10T05:33:10Z,22.12,78.76,100,1,36.71,101.95,21.00,540.00,null,null,null
2023-08-10T05:34:10Z,22.11,78.76,100,1,35.48,101.96,21.00,540.00,null,null,null
2023-08-10T05:35:10Z,22.15,78.77,100,1,34.57,101.95,20.00,534.00,0,0,0
2023-08-10T05:36:10Z,22.12,78.81,100,1,34.17,101.96,20.00,534.00,null,null,null
2023-08-10T05:37:10Z,22.13,78.75,99,1,34.33,101.96,20.00,534.00,null,null,null
2023-08-10T05:38:10Z,22.12,78.67,100,1,35.77,101.95,20.00,534.00,null,null,null
2023-08-10T05:39:10Z,22.13,78.63,100,0,34.54,101.96,20.00,534.00,null,null,null
2023-08-10T05:40:10Z,22.09,78.57,100,0,35.94,101.96,19.00,527.00,0,0,0
2023-08-10T05:41:10Z,22.15,78.63,100,0,36.92,101.96,19.00,527.00,null,null,null
2023-08-10T05:42:10Z,22.15,78.51,100,0,35.57,101.96,18.00,523.00,null,null,null
2023-08-10T05:43:10Z,22.15,78.47,100,0,36.79,101.96,18.00,523.00,null,null,null
2023-08-10T05:44:10Z,22.11,78.44,100,0,34.90,101.96,17.00,518.00,null,null,null
2023-08-10T05:45:10Z,22.11,78.43,100,0,35.88,101.96,17.00,518.00,0,0,0
2023-08-10T05:46:10Z,22.11,78.55,100,0,36.43,101.96,17.00,518.00,null,null,null
2023-08-10T05:47:10Z,22.13,78.46,100,0,34.30,101.96,17.00,518.00,null,null,null
2023-08-10T05:48:10Z,22.12,78.38,100,0,37.65,101.96,15.00,502.00,null,null,null
2023-08-10T05:49:10Z,22.09,78.37,100,0,35.22,101.95,15.00,502.00,null,null,null
2023-08-10T05:50:10Z,22.12,78.35,99,0,36.25,101.95,15.00,502.00,0,0,0
2023-08-10T05:51:10Z,22.11,78.43,100,0,36.22,101.95,14.00,497.00,null,null,null
2023-08-10T05:52:10Z,22.12,78.36,100,0,35.23,101.95,16.00,508.00,null,null,null
2023-08-10T05:53:10Z,22.11,78.38,100,0,37.02,101.96,15.00,502.00,null,null,null
2023-08-10T05:54:10Z,22.09,78.36,100,0,34.82,101.95,16.00,508.00,null,null,null
2023-08-10T05:55:10Z,22.12,78.39,100,0,36.64,101.96,16.00,508.00,0,0,0
2023-08-10T05:56:10Z,22.09,78.41,100,0,33.11,101.95,14.00,497.00,null,null,null
2023-08-10T05:57:10Z,22.11,78.35,100,0,33.47,101.95,15.00,502.00,null,null,null
2023-08-10T05:58:10Z,22.11,78.31,100,0,36.09,101.95,16.00,508.00,null,null,null
2023-08-10T05:59:10Z,22.09,78.30,100,0,34.36,101.95,15.00,502.00,null,null,null
2023-08-10T06:00:10Z,22.09,78.35,100,0,34.14,101.94,14.00,497.00,0,0,0
2023-08-10T06:01:10Z,22.12,78.37,100,0,34.86,101.95,15.00,502.00,null,null,null
2023-08-10T06:02:10Z,22.11,78.30,100,0,34.79,101.95,14.00,497.00,null,null,null
2023-08-10T06:03:10Z,22.09,78.29,100,0,34.74,101.95,14.00,495.00,null,null,null
2023-08-10T06:04:10Z,22.11,78.27,100,0,34.18,101.95,14.00,495.00,null,null,null
2023-08-10T06:05:10Z,22.08,78.26,100,0,37.91,101.96,14.00,495.00,0,0,0
2023-08-10T06:06:10Z,22.11,78.25,100,0,35.15,101.96,13.00,491.00,null,null,null
2023-08-10T06:07:10Z,22.11,78.19,100,0,38.34,101.96,13.00,491.00,null,null,null
2023-08-10T06:08:10Z,22.11,78.20,100,0,35.46,101.97,14.00,495.00,null,null,null
2023-08-10T06:09:10Z,22.12,78.24,100,0,38.30,101.97,13.00,488.00,null,null,null
2023-08-10T06:10:10Z,22.09,78.26,100,0,35.28,101.97,14.00,495.00,0,0,0
2023-08-10T06:11:10Z,22.11,78.36,100,0,35.15,101.97,13.00,491.00,null,null,null
2023-08-10T06:12:10Z,22.11,78.36,100,0,34.04,101.97,13.00,491.00,null,null,null
2023-08-10T06:13:10Z,22.08,78.38,100,0,35.81,101.98,14.00,495.00,null,null,null
2023-08-10T06:14:10Z,22.09,78.42,100,0,33.93,101.97,14.00,495.00,null,null,null
2023-08-10T06:15:10Z,22.06,78.43,100,0,34.89,101.97,14.00,495.00,0,0,0
2023-08-10T06:16:10Z,22.11,78.45,100,0,36.56,101.98,13.00,491.00,null,null,null
2023-08-10T06:17:10Z,22.11,78.36,99,0,34.88,101.98,13.00,491.00,null,null,null
2023-08-10T06:18:10Z,22.09,78.36,100,0,34.03,101.98,13.00,491.00,null,null,null
2023-08-10T06:19:10Z,22.09,78.35,100,0,34.48,101.98,12.00,485.00,null,null,null
2023-08-10T06:20:10Z,22.08,78.40,100,0,34.09,101.98,12.00,485.00,0,0,0
2023-08-10T06:21:10Z,22.09,78.51,100,0,34.50,101.98,12.00,485.00,null,null,null
2023-08-10T06:22:10Z,22.12,78.39,100,0,34.12,101.98,12.00,480.00,null,null,null
2023-08-10T06:23:10Z,22.11,78.40,100,0,35.17,101.98,12.00,480.00,null,null,null
2023-08-10T06:24:10Z,22.08,78.39,100,1,36.38,101.98,11.00,476.00,null,null,null
2023-08-10T06:25:10Z,22.09,78.35,100,1,34.94,101.99,11.00,473.00,0,0,0
2023-08-10T06:26:10Z,22.06,78.45,100,0,38.24,101.99,11.00,473.00,null,null,null
2023-08-10T06:27:10Z,22.09,78.42,100,1,37.95,101.99,11.00,473.00,null,null,null
2023-08-10T06:28:10Z,22.08,78.38,100,1,34.41,101.99,12.00,480.00,null,null,null
2023-08-10T06:29:10Z,22.09,78.45,100,1,35.49,101.99,12.00,480.00,null,null,null
2023-08-10T06:30:10Z,22.09,78.41,100,1,36.45,101.99,12.00,480.00,0,0,0
2023-08-10T06:31:10Z,22.09,78.52,100,1,34.94,101.99,11.00,473.00,null,null,null
2023-08-10T06:32:10Z,22.11,78.48,100,1,36.84,101.99,12.00,480.00,null,null,null
2023-08-10T06:33:10Z,22.09,78.40,100,1,34.64,101.99,12.00,480.00,null,null,null
2023-08-10T06:34:10Z,22.09,78.45,100,1,34.41,101.99,12.00,480.00,null,null,null
2023-08-10T06:35:10Z,22.08,78.41,99,1,35.27,102.00,12.00,480.00,0,0,0
2023-08-10T06:36:10Z,22.09,78.53,100,1,35.61,101.99,11.00,476.00,null,null,null
2023-08-10T06:37:10Z,22.11,78.47,100,1,36.36,101.99,11.00,476.00,null,null,null
2023-08-10T06:38:10Z,22.12,78.38,100,1,37.25,101.99,11.00,476.00,null,null,null
2023-08-10T06:39:10Z,22.09,78.41,100,1,37.23,101.99,11.00,473.00,null,null,null
2023-08-10T06:40:10Z,22.11,78.40,99,1,35.19,101.99,11.00,473.00,0,0,0
2023-08-10T06:41:10Z,22.09,78.40,100,1,33.88,101.99,9.00,465.00,null,null,null
2023-08-10T06:42:10Z,22.09,78.35,100,1,34.40,101.99,9.00,465.00,null,null,null
2023-08-10T06:43:10Z,22.11,78.38,100,1,38.65,101.99,9.00,465.00,null,null,null
2023-08-10T06:44:10Z,22.11,78.37,100,1,34.07,101.99,9.00,465.00,null,null,null
2023-08-10T06:45:10Z,22.09,78.35,100,1,34.44,101.99,9.00,465.00,0,0,0
2023-08-10T06:46:10Z,22.11,78.40,100,1,36.66,101.98,9.00,465.00,null,null,null
2023-08-10T06:47:10Z,22.09,78.36,100,1,34.42,101.99,9.00,465.00,null,null,null
2023-08-10T06:48:10Z,22.09,78.34,100,1,38.00,101.98,9.00,465.00,null,null,null
2023-08-10T06:49:10Z,22.11,78.37,99,1,34.29,101.98,9.00,465.00,null,null,null
2023-08-10T06:50:10Z,22.08,78.36,100,1,34.69,101.97,9.00,465.00,0,0,0
2023-08-10T06:51:10Z,22.11,78.44,100,1,38.03,101.97,9.00,465.00,null,null,null
2023-08-10T06:52:10Z,22.12,78.37,100,1,37.40,101.97,9.00,462.00,null,null,null
2023-08-10T06:53:10Z,22.11,78.39,100,1,34.31,101.98,8.00,457.00,null,null,null
2023-08-10T06:54:10Z,22.08,78.36,100,1,36.63,101.98,9.00,465.00,null,null,null
2023-08-10T06:55:10Z,22.11,78.38,100,1,35.92,101.98,9.00,462.00,0,0,0
2023-08-10T06:56:10Z,22.12,78.43,100,1,44.92,101.98,9.00,462.00,null,null,null
2023-08-10T06:57:10Z,22.13,78.39,100,1,37.59,101.99,9.00,465.00,null,null,null
2023-08-10T06:58:10Z,22.12,78.42,100,1,34.17,101.99,9.00,465.00,null,null,null
2023-08-10T06:59:10Z,22.09,78.41,100,1,34.76,101.99,9.00,465.00,null,null,null
2023-08-10T07:00:10Z,22.12,78.45,100,1,36.21,101.99,9.00,465.00,0,0,0
2023-08-10T07:01:10Z,22.11,78.53,100,1,36.44,101.99,9.00,465.00,null,null,null
2023-08-10T07:02:10Z,22.11,78.49,100,1,38.81,101.99,9.00,465.00,null,null,null
2023-08-10T07:03:10Z,22.11,78.44,99,1,34.25,101.99,9.00,465.00,null,null,null
2023-08-10T07:04:10Z,22.12,78.47,100,1,36.96,101.99,11.00,473.00,null,null,null
2023-08-10T07:05:10Z,22.11,78.49,100,1,35.90,102.00,9.00,465.00,0,0,0
2023-08-10T07:06:10Z,22.11,78.55,100,1,39.96,101.99,9.00,462.00,null,null,null
2023-08-10T07:07:10Z,22.12,78.53,100,1,38.05,101.99,11.00,473.00,null,null,null
2023-08-10T07:08:10Z,22.12,78.54,100,1,36.59,101.99,11.00,473.00,null,null,null
2023-08-10T07:09:10Z,22.11,78.56,100,2,35.67,101.99,11.00,473.00,null,null,null
2023-08-10T07:10:10Z,22.11,78.59,100,2,39.53,101.99,11.00,476.00,0,0,0
2023-08-10T07:11:10Z,22.11,78.63,100,2,34.76,101.99,9.00,465.00,null,null,null
2023-08-10T07:12:10Z,22.13,78.60,100,2,34.82,102.00,11.00,476.00,null,null,null
2023-08-10T07:13:10Z,22.13,78.67,100,2,35.38,101.99,12.00,480.00,null,null,null
2023-08-10T07:14:10Z,22.11,78.77,100,2,39.73,101.99,12.00,480.00,null,null,null
2023-08-10T07:15:10Z,22.11,78.78,100,2,35.67,101.99,11.00,476.00,0,0,0
2023-08-10T07:16:10Z,22.13,78.81,100,2,44.14,101.99,11.00,476.00,null,null,null
2023-08-10T07:17:10Z,22.12,78.81,100,2,35.55,101.99,13.00,486.00,null,null,null
2023-08-10T07:18:10Z,22.15,78.86,100,2,54.91,101.99,22.00,548.00,null,null,null
2023-08-10T07:19:10Z,22.11,79.01,100,2,41.91,101.99,32.00,615.00,null,null,null
2023-08-10T07:20:10Z,22.12,79.03,100,1,52.70,101.99,44.00,690.00,0,0,0
2023-08-10T07:21:10Z,22.12,79.08,100,1,47.56,101.99,54.00,759.00,null,null,null
2023-08-10T07:22:10Z,22.15,79.00,100,1,48.71,101.99,64.00,821.00,null,null,null
2023-08-10T07:23:10Z,22.13,79.04,100,1,34.81,101.99,68.00,848.00,null,null,null
2023-08-10T07:24:10Z,22.13,79.04,100,1,43.69,101.99,72.00,874.00,null,null,null
2023-08-10T07:25:10Z,22.15,79.05,100,1,58.46,101.98,76.00,905.00,0,0,0
2023-08-10T07:26:10Z,22.13,79.13,100,1,57.41,101.98,76.00,905.00,null,null,null
2023-08-10T07:27:10Z,22.16,79.11,100,1,56.14,101.98,76.00,905.00,null,null,null
2023-08-10T07:28:10Z,22.15,79.08,100,1,35.10,101.97,76.00,905.00,null,null,null
2023-08-10T07:29:10Z,22.15,79.10,100,1,39.66,101.97,76.00,905.00,null,null,null
2023-08-10T07:30:10Z,22.15,79.14,100,1,49.11,101.97,76.00,905.00,0,0,0
2023-08-10T07:31:10Z,22.15,79.16,100,1,71.30,101.97,76.00,905.00,null,null,null
2023-08-10T07:32:10Z,22.16,79.16,100,1,34.95,101.98,75.00,895.00,null,null,null
2023-08-10T07:33:10Z,22.18,79.13,100,1,54.87,101.98,74.00,889.00,null,null,null
2023-08-10T07:34:10Z,22.15,79.09,100,1,36.27,101.98,70.00,865.00,null,null,null
2023-08-10T07:35:10Z,22.15,79.10,100,1,54.70,101.98,69.00,857.00,0,0,0
2023-08-10T07:36:10Z,22.15,79.16,100,1,52.07,101.98,68.00,848.00,null,null,null
2023-08-10T07:37:10Z,22.18,79.07,100,1,62.35,101.98,65.00,832.00,null,null,null
2023-08-10T07:38:10Z,22.16,79.03,100,1,51.02,101.97,64.00,821.00,null,null,null
2023-08-10T07:39:10Z,22.13,79.05,99,1,44.00,101.97,64.00,821.00,null,null,null
2023-08-10T07:40:10Z,22.16,79.04,100,1,50.10,101.97,64.00,821.00,0,0,0
2023-08-10T07:41:10Z,22.18,79.13,100,1,34.33,101.97,62.00,813.00,null,null,null
2023-08-10T07:42:10Z,22.19,79.04,100,1,65.93,101.96,62.00,813.00,null,null,null
2023-08-10T07:43:10Z,22.18,79.06,100,1,36.01,101.96,61.00,806.00,null,null,null
2023-08-10T07:44:10Z,22.18,78.98,99,1,34.37,101.96,60.00,795.00,null,null,null
2023-08-10T07:45:10Z,22.16,79.03,100,1,34.94,101.96,60.00,795.00,0,0,0
2023-08-10T07:46:10Z,22.16,79.04,100,1,35.65,101.95,54.00,759.00,null,null,null
2023-08-10T07:47:10Z,22.19,79.00,100,1,37.07,101.95,57.00,778.00,null,null,null
2023-08-10T07:48:10Z,22.18,78.99,100,1,39.30,101.95,56.00,770.00,null,null,null
2023-08-10T07:49:10Z,22.18,79.02,100,1,35.66,101.94,56.00,770.00,null,null,null
2023-08-10T07:50:10Z,22.16,78.97,100,1,38.11,101.95,57.00,778.00,0,0,0
2023-08-10T07:51:10Z,22.18,78.98,100,1,34.67,101.95,58.00,785.00,null,null,null
2023-08-10T07:52:10Z,22.18,78.98,100,2,36.48,101.95,62.00,813.00,null,null,null
2023-08-10T07:53:10Z,22.19,78.95,100,2,36.46,101.95,65.00,832.00,null,null,null
2023-08-10T07:54:10Z,22.16,78.94,100,2,78.33,101.95,68.00,848.00,null,null,null
2023-08-10T07:55:10Z,22.16,79.06,100,3,36.11,101.95,68.00,848.00,0,0,0
2023-08-10T07:56:10Z,22.18,79.04,100,2,36.53,101.95,66.00,838.00,null,null,null
2023-08-10T07:57:10Z,22.19,78.93,100,3,51.57,101.94,66.00,838.00,null,null,null
2023-08-10T07:58:10Z,22.19,78.90,100,3,39.43,101.94,65.00,832.00,null,null,null
2023-08-10T07:59:10Z,22.19,78.87,100,4,35.42,101.94,64.00,821.00,null,null,null
2023-08-10T08:00:10Z,22.18,78.87,100,4,33.62,101.95,62.00,813.00,0,0,0
2023-08-10T08:01:10Z,22.18,78.90,100,3,40.12,101.94,62.00,813.00,null,null,null
2023-08-10T08:02:10Z,22.19,78.80,100,3,35.57,101.94,61.00,806.00,null,null,null
2023-08-10T08:03:10Z,22.18,78.80,100,4,34.92,101.94,60.00,795.00,null,null,null
2023-08-10T08:04:10Z,22.19,78.82,100,4,43.81,101.94,58.00,785.00,null,null,null
2023-08-10T08:05:10Z,22.18,78.76,100,4,38.24,101.94,57.00,778.00,0,0,0
2023-08-10T08:06:10Z,22.18,78.82,100,4,36.36,101.94,57.00,778.00,null,null,null
2023-08-10T08:07:10Z,22.21,78.80,100,4,38.97,101.94,57.00,778.00,null,null,null
2023-08-10T08:08:10Z,22.22,78.77,100,4,36.88,101.94,57.00,778.00,null,null,null
2023-08-10T08:09:10Z,22.21,78.80,100,4,34.68,101.94,56.00,770.00,null,null,null
2023-08-10T08:10:10Z,22.19,78.77,100,4,36.57,101.95,56.00,770.00,0,0,0
2023-08-10T08:11:10Z,22.18,78.85,100,4,35.26,101.94,56.00,770.00,null,null,null
2023-08-10T08:12:10Z,22.22,78.81,100,4,34.21,101.94,56.00,770.00,null,null,null
2023-08-10T08:13:10Z,22.18,78.80,100,4,34.76,101.95,54.00,759.00,null,null,null
2023-08-10T08:14:10Z,22.22,78.81,100,5,35.82,101.95,53.00,752.00,null,null,null
2023-08-10T08:15:10Z,22.19,78.84,100,5,37.41,101.96,54.00,759.00,0,0,0
2023-08-10T08:16:10Z,22.16,78.84,100,5,34.64,101.96,54.00,759.00,null,null,null
2023-08-10T08:17:10Z,22.22,78.78,100,5,35.90,101.96,51.00,740.00,null,null,null
2023-08-10T08:18:10Z,22.21,78.78,99,5,35.67,101.96,52.00,744.00,null,null,null
2023-08-10T08:19:10Z,22.21,78.75,100,5,39.04,101.96,52.00,744.00,null,null,null
2023-08-10T08:20:10Z,22.21,78.70,100,6,35.83,101.95,49.00,728.00,0,0,0
2023-08-10T08:21:10Z,22.19,78.76,100,5,37.82,101.95,50.00,730.00,null,null,null
2023-08-10T08:22:10Z,22.19,78.69,100,5,37.14,101.94,48.00,719.00,null,null,null
2023-08-10T08:23:10Z,22.23,78.64,100,6,37.81,101.94,48.00,717.00,null,null,null
2023-08-10T08:24:10Z,22.19,78.62,100,6,36.13,101.94,47.00,710.00,null,null,null
2023-08-10T08:25:10Z,22.19,78.59,100,5,42.76,101.94,46.00,704.00,0,0,0
2023-08-10T08:26:10Z,22.21,78.60,100,5,56.84,101.94,45.00,697.00,null,null,null
2023-08-10T08:27:10Z,22.22,78.58,100,5,50.67,101.94,43.00,688.00,null,null,null
2023-08-10T08:28:10Z,22.22,78.61,100,5,34.15,101.94,43.00,688.00,null,null,null
2023-08-10T08:29:10Z,22.19,78.66,100,6,39.31,101.94,42.00,682.00,null,null,null
2023-08-10T08:30:10Z,22.22,78.71,100,6,45.27,101.93,42.00,682.00,0,0,0
2023-08-10T08:31:10Z,22.21,78.81,100,6,41.38,101.94,41.00,674.00,null,null,null
2023-08-10T08:32:10Z,22.23,78.79,100,6,44.00,101.93,40.00,668.00,null,null,null
2023-08-10T08:33:10Z,22.23,78.80,99,6,36.33,101.93,40.00,668.00,null,null,null
2023-08-10T08:34:10Z,22.22,78.82,100,6,39.39,101.93,39.00,659.00,null,null,null
2023-08-10T08:35:10Z,22.22,78.89,100,6,40.30,101.93,38.00,652.00,0,0,0
2023-08-10T08:36:10Z,22.21,78.93,100,6,36.19,101.93,38.00,652.00,null,null,null
2023-08-10T08:37:10Z,22.22,78.91,100,6,39.54,101.93,37.00,649.00,null,null,null
2023-08-10T08:38:10Z,22.22,78.86,100,6,40.47,101.92,37.00,649.00,null,null,null
2023-08-10T08:39:10Z,22.21,78.83,100,6,36.23,101.92,36.00,641.00,null,null,null
2023-08-10T08:40:10Z,22.21,78.81,100,6,37.90,101.92,35.00,631.00,0,0,0
2023-08-10T08:41:10Z,22.25,78.85,100,6,50.11,101.92,34.00,627.00,null,null,null
2023-08-10T08:42:10Z,22.23,78.74,100,6,58.22,101.92,25.00,569.00,null,null,null
2023-08-10T08:43:10Z,22.25,78.67,100,6,36.42,101.92,34.00,626.00,null,null,null
2023-08-10T08:44:10Z,22.22,78.71,100,6,34.66,101.92,25.00,569.00,null,null,null
2023-08-10T08:45:10Z,22.23,78.70,100,6,35.12,101.92,33.00,620.00,0,0,0
2023-08-10T08:46:10Z,22.23,78.74,100,6,34.55,101.91,32.00,614.00,null,null,null
2023-08-10T08:47:10Z,22.23,78.65,100,6,34.60,101.92,31.00,605.00,null,null,null
2023-08-10T08:48:10Z,22.25,78.63,100,6,34.33,101.92,30.00,599.00,null,null,null
2023-08-10T08:49:10Z,22.22,78.60,100,6,35.81,101.92,22.00,549.00,null,null,null
2023-08-10T08:50:10Z,22.23,78.63,100,6,36.89,101.92,29.00,594.00,0,0,0
2023-08-10T08:51:10Z,22.25,78.69,100,6,38.08,101.91,29.00,591.00,null,null,null
2023-08-10T08:52:10Z,22.26,78.64,100,6,36.58,101.91,29.00,591.00,null,null,null
2023-08-10T08:53:10Z,22.28,78.64,100,5,42.31,101.91,21.00,542.00,null,null,null
2023-08-10T08:54:10Z,22.25,78.67,100,5,41.61,101.91,21.00,542.00,null,null,null
2023-08-10T08:55:10Z,22.26,78.64,100,5,47.63,101.91,21.00,542.00,0,0,0
2023-08-10T08:56:10Z,22.25,78.69,100,6,43.32,101.91,19.00,530.00,null,null,null
2023-08-10T08:57:10Z,22.26,78.64,100,5,36.33,101.91,20.00,536.00,null,null,null
2023-08-10T08:58:10Z,22.25,78.67,100,5,35.78,101.92,20.00,536.00,null,null,null
2023-08-10T08:59:10Z,22.25,78.71,100,5,37.18,101.92,19.00,530.00,null,null,null
2023-08-10T09:00:10Z,22.26,78.80,100,5,35.78,101.93,19.00,530.00,0,0,0
2023-08-10T09:01:10Z,22.26,78.89,100,5,47.13,101.94,18.00,520.00,null,null,null
2023-08-10T09:02:10Z,22.29,78.98,100,5,61.48,101.94,19.00,526.00,null,null,null
2023-08-10T09:03:10Z,22.26,79.05,100,5,58.13,101.94,18.00,520.00,null,null,null
2023-08-10T09:04:10Z,22.26,79.10,100,5,46.69,101.94,18.00,520.00,null,null,null
2023-08-10T09:05:10Z,22.25,79.29,100,5,36.01,101.94,18.00,520.00,0,0,0
2023-08-10T09:06:10Z,22.25,79.39,100,5,52.84,101.94,17.00,517.00,null,null,null
2023-08-10T09:07:10Z,22.29,79.52,100,5,45.13,101.94,17.00,517.00,null,null,null
2023-08-10T09:08:10Z,22.29,79.64,100,5,33.90,101.95,17.00,517.00,null,null,null
2023-08-10T09:09:10Z,22.28,79.77,100,4,36.49,101.95,17.00,517.00,null,null,null
2023-08-10T09:10:10Z,22.29,79.95,100,4,39.82,101.95,17.00,518.00,0,0,0
2023-08-10T09:11:10Z,22.28,80.17,100,4,34.76,101.96,17.00,518.00,null,null,null
2023-08-10T09:12:10Z,22.31,80.16,100,4,46.90,101.95,18.00,524.00,null,null,null
2023-08-10T09:13:10Z,22.32,80.22,100,4,34.65,101.95,17.00,518.00,null,null,null
2023-08-10T09:14:10Z,22.32,80.32,100,4,33.64,101.95,18.00,524.00,null,null,null
2023-08-10T09:15:10Z,22.31,80.39,100,4,33.70,101.96,18.00,519.00,0,0,0
2023-08-10T09:16:10Z,22.29,80.54,100,4,35.04,101.96,19.00,529.00,null,null,null
2023-08-10T09:17:10Z,22.31,80.48,100,4,33.20,101.96,23.00,551.00,null,null,null
2023-08-10T09:18:10Z,22.33,80.52,100,4,33.48,101.97,25.00,566.00,null,null,null
2023-08-10T09:19:10Z,22.31,80.56,100,4,34.02,101.97,27.00,581.00,null,null,null
2023-08-10T09:20:10Z,22.29,80.53,100,3,35.50,101.96,28.00,586.00,0,0,0
2023-08-10T09:21:10Z,22.31,80.71,100,4,33.46,101.96,30.00,599.00,null,null,null
2023-08-10T09:22:10Z,22.32,80.60,100,4,34.29,101.96,31.00,605.00,null,null,null
2023-08-10T09:23:10Z,22.31,80.54,100,4,33.66,101.96,31.00,605.00,null,null,null
2023-08-10T09:24:10Z,22.33,80.60,100,3,34.23,101.95,32.00,612.00,null,null,null
2023-08-10T09:25:10Z,22.31,80.69,100,3,34.17,101.95,31.00,605.00,0,0,0
2023-08-10T09:26:10Z,22.32,80.80,100,3,41.59,101.95,31.00,605.00,null,null,null
2023-08-10T09:27:10Z,22.32,80.74,100,3,33.44,101.95,31.00,607.00,null,null,null
2023-08-10T09:28:10Z,22.32,80.70,100,3,35.88,101.95,31.00,605.00,null,null,null
2023-08-10T09:29:10Z,22.29,80.72,99,3,33.89,101.94,31.00,605.00,null,null,null
2023-08-10T09:30:10Z,22.32,80.78,100,3,33.61,101.94,32.00,612.00,0,0,0
2023-08-10T09:31:10Z,22.33,80.84,100,3,34.24,101.94,29.00,596.00,null,null,null
2023-08-10T09:32:10Z,22.31,80.80,100,3,33.49,101.94,30.00,602.00,null,null,null
2023-08-10T09:33:10Z,22.33,80.76,100,3,33.50,101.94,29.00,596.00,null,null,null
2023-08-10T09:34:10Z,22.32,80.78,100,2,36.99,101.94,29.00,596.00,null,null,null
2023-08-10T09:35:10Z,22.31,80.77,100,2,34.31,101.95,29.00,596.00,0,0,0
2023-08-10T09:36:10Z,22.31,80.84,100,2,34.71,101.95,27.00,581.00,null,null,null
2023-08-10T09:37:10Z,22.32,80.75,100,2,33.84,101.96,28.00,589.00,null,null,null
2023-08-10T09:38:10Z,22.32,80.67,100,3,33.99,101.96,27.00,581.00,null,null,null
2023-08-10T09:39:10Z,22.32,80.69,99,3,33.62,101.97,28.00,586.00,null,null,null
2023-08-10T09:40:10Z,22.32,80.80,100,2,34.21,101.97,27.00,581.00,0,0,0
2023-08-10T09:41:10Z,22.28,80.82,100,2,34.20,101.96,27.00,578.00,null,null,null
2023-08-10T09:42:10Z,22.32,80.77,100,2,33.97,101.96,27.00,578.00,null,null,null
2023-08-10T09:43:10Z,22.33,80.73,100,2,33.76,101.96,26.00,572.00,null,null,null
2023-08-10T09:44:10Z,22.32,80.74,100,2,34.35,101.96,26.00,575.00,null,null,null
2023-08-10T09:45:10Z,22.31,80.76,100,2,33.78,101.96,25.00,566.00,0,0,0
2023-08-10T09:46:10Z,22.29,80.78,100,0,33.26,101.96,24.00,560.00,null,null,null
2023-08-10T09:47:10Z,22.31,80.69,99,2,33.80,101.95,24.00,560.00,null,null,null
2023-08-10T09:48:10Z,22.32,80.64,100,2,34.96,101.96,24.00,564.00,null,null,null
2023-08-10T09:49:10Z,22.31,80.70,100,0,33.57,101.95,23.00,555.00,null,null,null
2023-08-10T09:50:10Z,22.29,80.67,100,3,34.72,101.95,23.00,555.00,0,0,0
2023-08-10T09:51:10Z,22.31,80.69,100,2,35.51,101.94,23.00,551.00,null,null,null
2023-08-10T09:52:10Z,22.33,80.67,100,2,34.07,101.94,23.00,555.00,null,null,null
2023-08-10T09:53:10Z,22.29,80.62,100,2,33.96,101.94,23.00,551.00,null,null,null
2023-08-10T09:54:10Z,22.29,80.62,100,2,34.22,101.94,22.00,545.00,null,null,null
2023-08-10T09:55:10Z,22.29,80.57,100,2,34.05,101.94,22.00,545.00,0,0,0
2023-08-10T09:56:10Z,22.31,80.65,100,2,33.48,101.94,21.00,539.00,null,null,null
2023-08-10T09:57:10Z,22.29,80.59,100,2,33.78,101.94,21.00,539.00,null,null,null
2023-08-10T09:58:10Z,22.31,80.56,100,2,33.60,101.94,20.00,533.00,null,null,null
2023-08-10T09:59:10Z,22.31,80.51,100,2,33.85,101.93,20.00,533.00,null,null,null
2023-08-10T10:00:10Z,22.29,80.47,100,1,33.98,101.93,19.00,529.00,0,0,0
2023-08-10T10:01:10Z,22.31,80.58,100,1,33.81,101.94,19.00,529.00,null,null,null
2023-08-10T10:02:10Z,22.33,80.50,100,1,33.93,101.94,19.00,529.00,null,null,null
2023-08-10T10:03:10Z,22.29,80.45,100,1,33.14,101.95,19.00,526.00,null,null,null
2023-08-10T10:04:10Z,22.31,80.48,100,1,33.91,101.94,18.00,519.00,null,null,null
2023-08-10T10:05:10Z,22.29,80.44,100,1,35.77,101.95,18.00,519.00,0,0,0
2023-08-10T10:06:10Z,22.29,80.51,100,1,33.62,101.95,17.00,514.00,null,null,null
2023-08-10T10:07:10Z,22.32,80.45,100,1,33.90,101.94,18.00,519.00,null,null,null
2023-08-10T10:08:10Z,22.31,80.38,100,1,34.14,101.94,18.00,519.00,null,null,null
2023-08-10T10:09:10Z,22.31,80.36,100,1,35.23,101.94,18.00,519.00,null,null,null
2023-08-10T10:10:10Z,22.31,80.42,100,1,38.76,101.95,17.00,514.00,0,0,0
2023-08-10T10:11:10Z,22.31,80.44,100,1,33.78,101.95,15.00,500.00,null,null,null
2023-08-10T10:12:10Z,22.31,80.39,100,1,34.34,101.95,15.00,505.00,null,null,null
2023-08-10T10:13:10Z,22.31,80.40,99,1,33.96,101.94,15.00,505.00,null,null,null
2023-08-10T10:14:10Z,22.29,80.33,100,1,33.30,101.94,15.00,505.00,null,null,null
2023-08-10T10:15:10Z,22.31,80.37,100,1,34.04,101.95,15.00,505.00,0,0,0
2023-08-10T10:16:10Z,22.26,80.37,100,1,33.70,101.95,14.00,496.00,null,null,null
2023-08-10T10:17:10Z,22.29,80.34,100,1,34.32,101.96,15.00,500.00,null,null,null
2023-08-10T10:18:10Z,22.32,80.35,99,1,33.34,101.95,15.00,500.00,null,null,null
2023-08-10T10:19:10Z,22.29,80.30,100,1,34.15,101.95,14.00,496.00,null,null,null
2023-08-10T10:20:10Z,22.28,80.32,100,1,34.49,101.95,14.00,496.00,0,0,0
2023-08-10T10:21:10Z,22.31,80.32,100,1,33.57,101.94,14.00,496.00,null,null,null
2023-08-10T10:22:10Z,22.28,80.29,100,1,34.04,101.95,14.00,496.00,null,null,null
2023-08-10T10:23:10Z,22.29,80.24,99,1,33.62,101.94,13.00,488.00,null,null,null
2023-08-10T10:24:10Z,22.31,80.26,100,1,34.04,101.94,14.00,493.00,null,null,null
2023-08-10T10:25:10Z,22.31,80.25,100,1,36.93,101.94,13.00,488.00,0,0,0
2023-08-10T10:26:10Z,22.28,80.27,100,1,33.62,101.94,12.00,485.00,null,null,null
2023-08-10T10:27:10Z,22.31,80.20,100,1,33.93,101.94,12.00,485.00,null,null,null
2023-08-10T10:28:10Z,22.29,80.20,100,1,33.99,101.94,13.00,488.00,null,null,null
2023-08-10T10:29:10Z,22.31,80.21,100,1,34.33,101.94,13.00,486.00,null,null,null
2023-08-10T10:30:10Z,22.31,80.20,100,1,35.13,101.94,13.00,486.00,0,0,0
2023-08-10T10:31:10Z,22.31,80.21,100,1,36.61,101.94,12.00,481.00,null,null,null
2023-08-10T10:32:10Z,22.28,80.20,100,1,33.80,101.95,13.00,486.00,null,null,null
2023-08-10T10:33:10Z,22.28,80.14,100,1,33.71,101.95,12.00,481.00,null,null,null
2023-08-10T10:34:10Z,22.29,80.13,100,1,34.72,101.94,12.00,481.00,null,null,null
2023-08-10T10:35:10Z,22.28,80.13,100,1,33.21,101.94,11.00,477.00,0,0,0
2023-08-10T10:36:10Z,22.29,80.17,100,0,34.00,101.94,11.00,477.00,null,null,null
2023-08-10T10:37:10Z,22.29,80.06,100,1,35.10,101.94,11.00,477.00,null,null,null
2023-08-10T10:38:10Z,22.33,80.09,100,0,34.62,101.94,11.00,477.00,null,null,null
2023-08-10T10:39:10Z,22.28,80.07,99,1,35.19,101.93,10.00,470.00,null,null,null
2023-08-10T10:40:10Z,22.29,80.11,100,0,33.80,101.94,10.00,470.00,0,0,0
2023-08-10T10:41:10Z,22.31,80.07,99,0,33.37,101.94,9.00,464.00,null,null,null
2023-08-10T10:42:10Z,22.29,80.06,100,1,36.64,101.94,9.00,464.00,null,null,null
2023-08-10T10:43:10Z,22.29,80.02,100,1,34.39,101.94,9.00,464.00,null,null,null
2023-08-10T10:44:10Z,22.29,80.01,100,1,33.48,101.94,10.00,470.00,null,null,null
2023-08-10T10:45:10Z,22.29,80.02,100,0,34.37,101.94,9.00,464.00,0,0,0
2023-08-10T10:46:10Z,22.29,80.05,100,1,40.89,101.94,8.00,456.00,null,null,null
2023-08-10T10:47:10Z,22.31,79.99,100,1,35.13,101.94,9.00,464.00,null,null,null
2023-08-10T10:48:10Z,22.28,79.97,100,0,33.02,101.94,9.00,461.00,null,null,null
2023-08-10T10:49:10Z,22.29,79.97,100,1,34.21,101.93,9.00,461.00,null,null,null
2023-08-10T10:50:10Z,22.29,80.01,100,1,34.39,101.94,9.00,461.00,0,0,0
2023-08-10T10:51:10Z,22.28,79.99,100,0,40.74,101.94,7.00,446.00,null,null,null
2023-08-10T10:52:10Z,22.32,79.94,100,1,38.84,101.94,8.00,456.00,null,null,null
2023-08-10T10:53:10Z,22.29,79.94,100,1,39.35,101.94,8.00,456.00,null,null,null
2023-08-10T10:54:10Z,22.32,79.91,100,1,33.24,101.94,8.00,456.00,null,null,null
2023-08-10T10:55:10Z,22.28,79.94,100,0,38.04,101.94,8.00,456.00,0,0,0
2023-08-10T10:56:10Z,22.29,79.96,100,1,39.91,101.94,7.00,451.00,null,null,null
2023-08-10T10:57:10Z,22.32,79.88,100,1,34.74,101.94,7.00,451.00,null,null,null
2023-08-10T10:58:10Z,22.32,79.89,100,1,34.00,101.94,7.00,451.00,null,null,null
2023-08-10T10:59:10Z,22.29,79.86,100,1,38.02,101.95,7.00,451.00,null,null,null
2023-08-10T11:00:10Z,22.31,79.86,100,0,35.37,101.94,7.00,451.00,0,0,0
2023-08-10T11:01:10Z,22.29,79.89,100,0,34.72,101.94,7.00,446.00,null,null,null
2023-08-10T11:02:10Z,22.32,79.85,100,0,33.80,101.94,7.00,446.00,null,null,null
2023-08-10T11:03:10Z,22.32,79.87,100,1,35.89,101.94,7.00,446.00,null,null,null
2023-08-10T11:04:10Z,22.31,79.84,100,0,37.05,101.94,6.00,444.00,null,null,null
2023-08-10T11:05:10Z,22.29,79.82,100,1,33.27,101.94,6.00,444.00,0,0,0
2023-08-10T11:06:10Z,22.33,79.88,100,1,34.09,101.94,6.00,444.00,null,null,null
2023-08-10T11:07:10Z,22.33,79.75,100,1,34.05,101.94,6.00,444.00,null,null,null
2023-08-10T11:08:10Z,22.35,79.77,100,1,35.19,101.94,6.00,441.00,null,null,null
2023-08-10T11:09:10Z,22.31,79.81,100,1,33.36,101.94,6.00,441.00,null,null,null
2023-08-10T11:10:10Z,22.31,79.79,100,0,35.41,101.94,6.00,441.00,0,0,0
2023-08-10T11:11:10Z,22.31,79.81,100,0,34.44,101.94,6.00,441.00,null,null,null
2023-08-10T11:12:10Z,22.32,79.74,100,1,34.18,101.94,5.00,435.00,null,null,null
2023-08-10T11:13:10Z,22.32,79.73,99,0,33.75,101.94,6.00,443.00,null,null,null
2023-08-10T11:14:10Z,22.32,79.72,100,0,33.90,101.94,5.00,438.00,null,null,null
2023-08-10T11:15:10Z,22.32,79.70,100,0,37.07,101.93,5.00,438.00,0,0,0
2023-08-10T11:16:10Z,22.31,79.75,100,0,33.57,101.93,4.00,427.00,null,null,null
2023-08-10T11:17:10Z,22.32,79.68,100,0,35.50,101.93,3.00,425.00,null,null,null
2023-08-10T11:18:10Z,22.33,79.65,99,0,33.51,101.94,3.00,425.00,null,null,null
2023-08-10T11:19:10Z,22.31,79.63,100,0,36.01,101.93,3.00,425.00,null,null,null
2023-08-10T11:20:10Z,22.31,79.64,100,0,34.63,101.93,4.00,427.00,0,0,0
2023-08-10T11:21:10Z,22.32,79.66,100,0,33.37,101.93,3.00,421.00,null,null,null
2023-08-10T11:22:10Z,22.35,79.57,100,0,34.08,101.94,4.00,427.00,null,null,null
2023-08-10T11:23:10Z,22.32,79.61,100,0,41.74,101.94,3.00,425.00,null,null,null
2023-08-10T11:24:10Z,22.33,79.60,100,1,34.42,101.93,3.00,425.00,null,null,null
2023-08-10T11:25:10Z,22.32,79.57,100,0,34.36,101.93,3.00,425.00,0,0,0
2023-08-10T11:26:10Z,22.33,79.60,100,0,34.45,101.93,2.00,417.00,null,null,null
2023-08-10T11:27:10Z,22.35,79.54,100,0,33.55,101.93,3.00,421.00,null,null,null
2023-08-10T11:28:10Z,22.33,79.53,100,1,39.21,101.93,3.00,425.00,null,null,null
2023-08-10T11:29:10Z,22.32,79.54,100,1,37.65,101.93,3.00,421.00,null,null,null
2023-08-10T11:30:10Z,22.33,79.51,100,1,33.53,101.93,3.00,421.00,0,0,0
2023-08-10T11:31:10Z,22.36,79.54,99,1,35.00,101.94,3.00,421.00,null,null,null
2023-08-10T11:32:10Z,22.35,79.47,100,1,33.07,101.93,3.00,421.00,null,null,null
2023-08-10T11:33:10Z,22.36,79.50,100,1,33.90,101.93,2.00,417.00,null,null,null
2023-08-10T11:34:10Z,22.35,79.45,100,1,34.18,101.93,2.00,417.00,null,null,null
2023-08-10T11:35:10Z,22.36,79.47,100,1,34.40,101.93,2.00,417.00,0,0,0
2023-08-10T11:36:10Z,22.33,79.49,100,1,33.97,101.93,2.00,417.00,null,null,null
2023-08-10T11:37:10Z,22.36,79.46,100,1,37.65,101.93,2.00,417.00,null,null,null
2023-08-10T11:38:10Z,22.36,79.47,100,0,33.86,101.93,2.00,417.00,null,null,null
2023-08-10T11:39:10Z,22.38,79.46,100,0,38.67,101.93,2.00,417.00,null,null,null
2023-08-10T11:40:10Z,22.33,79.45,99,0,36.89,101.92,1.00,413.00,0,0,0
2023-08-10T11:41:10Z,22.36,79.49,100,0,34.03,101.92,2.00,417.00,null,null,null
2023-08-10T11:42:10Z,22.38,79.41,100,1,33.71,101.93,2.00,417.00,null,null,null
2023-08-10T11:43:10Z,22.36,79.39,100,1,33.60,101.92,1.00,413.00,null,null,null
2023-08-10T11:44:10Z,22.39,79.42,100,1,33.11,101.92,1.00,413.00,null,null,null
2023-08-10T11:45:10Z,22.36,79.40,100,0,34.76,101.93,1.00,413.00,0,0,0
2023-08-10T11:46:10Z,22.35,79.45,100,0,33.59,101.93,1.00,413.00,null,null,null
2023-08-10T11:47:10Z,22.39,79.40,100,0,34.40,101.93,1.00,408.00,null,null,null
2023-08-10T11:48:10Z,22.41,79.36,100,0,33.79,101.93,1.00,408.00,null,null,null
2023-08-10T11:49:10Z,22.38,79.35,100,0,33.33,101.92,1.00,408.00,null,null,null
2023-08-10T11:50:10Z,22.39,79.34,100,1,34.88,101.92,1.00,408.00,0,0,0
2023-08-10T11:51:10Z,22.38,79.35,100,1,33.55,101.92,1.00,408.00,null,null,null
2023-08-10T11:52:10Z,22.39,79.30,99,1,33.60,101.92,0.00,405.00,null,null,null
2023-08-10T11:53:10Z,22.42,79.29,100,1,34.57,101.91,0.00,405.00,null,null,null
2023-08-10T11:54:10Z,22.41,79.32,100,1,33.41,101.91,0.00,405.00,null,null,null
2023-08-10T11:55:10Z,22.36,79.31,100,1,33.97,101.90,0.00,402.00,0,0,0
2023-08-10T11:56:10Z,22.38,79.39,100,0,35.85,101.91,0.00,402.00,null,null,null
2023-08-10T11:57:10Z,22.42,79.27,100,1,33.59,101.91,1.00,408.00,null,null,null
2023-08-10T11:58:10Z,22.41,79.26,100,1,34.88,101.91,0.00,405.00,null,null,null
2023-08-10T11:59:10Z,22.41,79.26,99,1,35.44,101.91,0.00,405.00,null,null,null
2023-08-10T12:00:10Z,22.42,79.24,100,1,33.57,101.91,0.00,405.00,0,0,0
2023-08-10T12:01:10Z,22.41,79.33,100,1,34.02,101.91,0.00,400.00,null,null,null
2023-08-10T12:02:10Z,22.42,79.24,100,1,34.95,101.90,0.00,406.00,null,null,null
2023-08-10T12:03:10Z,22.42,79.23,100,1,34.83,101.90,1.00,409.00,null,null,null
2023-08-10T12:04:10Z,22.43,79.23,100,1,37.67,101.90,1.00,407.00,null,null,null
2023-08-10T12:05:10Z,22.39,79.21,100,1,34.00,101.90,1.00,407.00,0,0,0
2023-08-10T12:06:10Z,22.43,79.24,100,0,34.52,101.90,0.00,400.00,null,null,null
2023-08-10T12:07:10Z,22.41,79.17,100,0,33.57,101.90,1.00,407.00,null,null,null
2023-08-10T12:08:10Z,22.43,79.20,100,0,33.63,101.90,1.00,407.00,null,null,null
2023-08-10T12:09:10Z,22.42,79.18,99,0,33.45,101.90,0.00,400.00,null,null,null
2023-08-10T12:10:10Z,22.42,79.15,100,0,33.36,101.89,0.00,400.00,0,0,0
2023-08-10T12:11:10Z,22.43,79.19,100,0,35.12,101.90,0.00,400.00,null,null,null
2023-08-10T12:12:10Z,22.45,79.15,100,0,34.10,101.90,0.00,400.00,null,null,null
2023-08-10T12:13:10Z,22.43,79.13,100,0,34.11,101.90,0.00,400.00,null,null,null
2023-08-10T12:14:10Z,22.46,79.09,100,0,37.93,101.89,0.00,400.00,null,null,null
2023-08-10T12:15:10Z,22.45,79.11,100,0,34.11,101.90,0.00,400.00,0,0,0
2023-08-10T12:16:10Z,22.45,79.15,100,0,33.96,101.90,0.00,400.00,null,null,null
2023-08-10T12:17:10Z,22.46,79.08,100,0,33.62,101.89,0.00,403.00,null,null,null
2023-08-10T12:18:10Z,22.48,79.05,100,0,34.27,101.90,0.00,400.00,null,null,null
2023-08-10T12:19:10Z,22.49,79.00,100,0,33.48,101.89,0.00,400.00,null,null,null
2023-08-10T12:20:10Z,22.46,79.08,100,0,33.71,101.89,0.00,400.00,0,0,0
2023-08-10T12:21:10Z,22.45,79.04,100,0,34.07,101.89,0.00,400.00,null,null,null
2023-08-10T12:22:10Z,22.51,79.03,100,0,33.62,101.89,0.00,400.00,null,null,null
2023-08-10T12:23:10Z,22.48,78.98,100,0,34.58,101.89,0.00,400.00,null,null,null
2023-08-10T12:24:10Z,22.46,79.01,100,0,34.09,101.89,0.00,400.00,null,null,null
2023-08-10T12:25:10Z,22.48,78.95,100,0,33.71,101.89,0.00,400.00,0,0,0
2023-08-10T12:26:10Z,22.48,79.00,100,0,33.64,101.89,0.00,400.00,null,null,null
2023-08-10T12:27:10Z,22.49,78.98,100,0,33.49,101.89,0.00,400.00,null,null,null
2023-08-10T12:28:10Z,22.51,78.92,100,0,33.56,101.89,0.00,400.00,null,null,null
2023-08-10T12:29:10Z,22.48,78.96,100,0,33.96,101.89,0.00,405.00,null,null,null
2023-08-10T12:30:10Z,22.49,78.90,100,0,33.50,101.89,0.00,405.00,0,0,0
2023-08-10T12:31:10Z,22.49,78.93,100,0,33.43,101.89,0.00,400.00,null,null,null
2023-08-10T12:32:10Z,22.52,78.91,100,0,33.73,101.89,0.00,400.00,null,null,null
2023-08-10T12:33:10Z,22.51,78.88,100,0,35.48,101.89,0.00,400.00,null,null,null
2023-08-10T12:34:10Z,22.52,78.89,100,0,33.71,101.89,0.00,405.00,null,null,null
2023-08-10T12:35:10Z,22.51,78.86,99,0,33.63,101.89,1.00,408.00,0,0,0
2023-08-10T12:36:10Z,22.51,78.87,100,0,34.48,101.89,0.00,400.00,null,null,null
2023-08-10T12:37:10Z,22.52,78.85,100,0,32.94,101.88,1.00,408.00,null,null,null
2023-08-10T12:38:10Z,22.53,78.84,100,0,33.71,101.88,1.00,408.00,null,null,null
2023-08-10T12:39:10Z,22.53,78.84,100,0,33.45,101.89,1.00,408.00,null,null,null
2023-08-10T12:40:10Z,22.52,78.83,100,0,36.83,101.89,1.00,408.00,0,0,0
2023-08-10T12:41:10Z,22.51,78.83,100,0,33.44,101.88,0.00,405.00,null,null,null
2023-08-10T12:42:10Z,22.55,78.79,100,0,34.91,101.88,1.00,408.00,null,null,null
2023-08-10T12:43:10Z,22.53,78.76,100,0,33.62,101.88,1.00,408.00,null,null,null
2023-08-10T12:44:10Z,22.53,78.78,100,0,34.96,101.88,1.00,408.00,null,null,null
2023-08-10T12:45:10Z,22.53,78.80,100,0,34.26,101.87,1.00,408.00,0,0,0
2023-08-10T12:46:10Z,22.55,78.80,100,0,33.96,101.87,1.00,408.00,null,null,null
2023-08-10T12:47:10Z,22.55,78.71,100,0,34.03,101.87,1.00,411.00,null,null,null
2023-08-10T12:48:10Z,22.57,78.74,100,0,33.85,101.87,2.00,415.00,null,null,null
2023-08-10T12:49:10Z,22.56,78.75,100,0,36.53,101.87,2.00,415.00,null,null,null
2023-08-10T12:50:10Z,22.55,78.70,99,0,34.27,101.87,1.00,408.00,0,0,0
2023-08-10T12:51:10Z,22.55,78.73,100,0,34.69,101.87,2.00,415.00,null,null,null
2023-08-10T12:52:10Z,22.57,78.66,100,0,33.90,101.88,2.00,415.00,null,null,null
2023-08-10T12:53:10Z,22.57,78.67,100,0,35.76,101.87,2.00,415.00,null,null,null
2023-08-10T12:54:10Z,22.56,78.68,100,0,34.19,101.87,2.00,415.00,null,null,null
2023-08-10T12:55:10Z,22.56,78.68,100,0,34.02,101.87,2.00,415.00,0,0,0
2023-08-10T12:56:10Z,22.59,78.68,100,0,35.09,101.87,2.00,415.00,null,null,null
2023-08-10T12:57:10Z,22.59,78.64,99,0,33.56,101.87,2.00,415.00,null,null,null
2023-08-10T12:58:10Z,22.59,78.64,100,0,33.78,101.87,2.00,415.00,null,null,null
2023-08-10T12:59:10Z,22.59,78.58,100,0,33.32,101.87,2.00,415.00,null,null,null
2023-08-10T13:00:10Z,22.56,78.61,100,0,33.69,101.87,2.00,415.00,0,0,0
2023-08-10T13:01:10Z,22.60,78.63,100,0,33.61,101.87,2.00,415.00,null,null,null
2023-08-10T13:02:10Z,22.62,78.57,100,0,36.84,101.87,2.00,415.00,null,null,null
2023-08-10T13:03:10Z,22.62,78.56,100,0,34.47,101.87,1.00,411.00,null,null,null
2023-08-10T13:04:10Z,22.60,78.56,99,0,34.26,101.87,2.00,415.00,null,null,null
2023-08-10T13:05:10Z,22.60,78.58,99,0,34.20,101.86,2.00,415.00,0,0,0
2023-08-10T13:06:10Z,22.60,78.52,100,0,33.37,101.86,2.00,415.00,null,null,null
2023-08-10T13:07:10Z,22.62,78.55,100,0,34.39,101.87,2.00,415.00,null,null,null
2023-08-10T13:08:10Z,22.63,78.51,100,0,33.27,101.87,1.00,411.00,null,null,null
2023-08-10T13:09:10Z,22.62,78.49,100,0,35.50,101.87,1.00,411.00,null,null,null
2023-08-10T13:10:10Z,22.62,78.54,100,0,35.37,101.87,1.00,411.00,0,0,0
2023-08-10T13:11:10Z,22.63,78.47,100,0,33.59,101.87,1.00,411.00,null,null,null
2023-08-10T13:12:10Z,22.66,78.48,100,0,36.75,101.87,2.00,415.00,null,null,null
2023-08-10T13:13:10Z,22.64,78.41,100,0,34.17,101.87,1.00,411.00,null,null,null
2023-08-10T13:14:10Z,22.66,78.50,99,0,33.87,101.87,1.00,411.00,null,null,null
2023-08-10T13:15:10Z,22.63,78.44,100,0,34.72,101.87,1.00,411.00,0,0,0
2023-08-10T13:16:10Z,22.64,78.41,99,0,33.59,101.87,0.00,403.00,null,null,null
2023-08-10T13:17:10Z,22.67,78.39,100,0,34.33,101.87,1.00,411.00,null,null,null
2023-08-10T13:18:10Z,22.66,78.34,100,0,40.98,101.86,1.00,408.00,null,null,null
2023-08-10T13:19:10Z,22.67,78.36,100,0,38.08,101.86,1.00,411.00,null,null,null
2023-08-10T13:20:10Z,22.64,78.36,100,0,41.30,101.86,1.00,408.00,0,0,0
2023-08-10T13:21:10Z,22.70,78.33,100,0,37.98,101.86,0.00,403.00,null,null,null
2023-08-10T13:22:10Z,22.66,78.34,100,0,49.81,101.86,1.00,408.00,null,null,null
2023-08-10T13:23:10Z,22.66,78.27,100,0,38.21,101.86,1.00,408.00,null,null,null
2023-08-10T13:24:10Z,22.67,78.29,100,0,44.20,101.86,1.00,408.00,null,null,null
2023-08-10T13:25:10Z,22.70,78.28,100,0,39.01,101.86,1.00,408.00,0,0,0
2023-08-10T13:26:10Z,22.69,78.26,100,0,33.24,101.86,1.00,408.00,null,null,null
2023-08-10T13:27:10Z,22.70,78.26,100,0,33.82,101.86,1.00,408.00,null,null,null
2023-08-10T13:28:10Z,22.72,78.23,100,0,34.03,101.86,1.00,408.00,null,null,null
2023-08-10T13:29:10Z,22.70,78.21,100,0,34.11,101.86,1.00,411.00,null,null,null
2023-08-10T13:30:10Z,22.72,78.20,100,0,35.82,101.86,1.00,411.00,0,0,0
2023-08-10T13:31:10Z,22.69,78.21,100,0,33.79,101.86,1.00,407.00,null,null,null
2023-08-10T13:32:10Z,22.74,78.20,100,0,33.85,101.86,1.00,407.00,null,null,null
2023-08-10T13:33:10Z,22.72,78.20,100,0,34.46,101.86,1.00,407.00,null,null,null
2023-08-10T13:34:10Z,22.73,78.16,100,0,35.05,101.86,1.00,407.00,null,null,null
2023-08-10T13:35:10Z,22.72,78.16,100,0,34.11,101.85,1.00,407.00,0,0,0
2023-08-10T13:36:10Z,22.70,78.15,100,0,33.74,101.86,1.00,407.00,null,null,null
2023-08-10T13:37:10Z,22.72,78.14,100,0,35.32,101.86,1.00,407.00,null,null,null
2023-08-10T13:38:10Z,22.74,78.08,100,0,34.06,101.86,0.00,402.00,null,null,null
2023-08-10T13:39:10Z,22.76,78.10,100,0,34.05,101.86,1.00,407.00,null,null,null
2023-08-10T13:40:10Z,22.73,78.09,100,0,37.49,101.85,0.00,400.00,0,0,0
2023-08-10T13:41:10Z,22.73,78.09,100,0,33.24,101.85,2.00,416.00,null,null,null
2023-08-10T13:42:10Z,22.73,78.05,100,0,33.96,101.85,2.00,418.00,null,null,null
2023-08-10T13:43:10Z,22.77,78.01,100,0,37.30,101.84,2.00,418.00,null,null,null
2023-08-10T13:44:10Z,22.76,78.03,100,0,34.79,101.84,0.00,400.00,null,null,null
2023-08-10T13:45:10Z,22.76,78.01,100,0,33.55,101.84,0.00,400.00,0,0,0
2023-08-10T13:46:10Z,22.77,78.01,99,0,36.83,101.84,0.00,400.00,null,null,null
2023-08-10T13:47:10Z,22.76,77.95,100,0,34.10,101.85,0.00,400.00,null,null,null
2023-08-10T13:48:10Z,22.76,77.96,99,0,33.24,101.84,0.00,400.00,null,null,null
2023-08-10T13:49:10Z,22.76,77.97,100,0,35.89,101.84,0.00,400.00,null,null,null
2023-08-10T13:50:10Z,22.77,77.97,100,0,34.06,101.85,0.00,405.00,0,0,0
2023-08-10T13:51:10Z,22.77,77.93,100,0,35.55,101.85,0.00,400.00,null,null,null
2023-08-10T13:52:10Z,22.79,77.90,100,0,33.31,101.84,0.00,405.00,null,null,null
2023-08-10T13:53:10Z,22.79,77.91,100,0,33.63,101.84,0.00,405.00,null,null,null
2023-08-10T13:54:10Z,22.79,77.89,100,0,33.67,101.85,0.00,405.00,null,null,null
2023-08-10T13:55:10Z,22.79,77.90,99,0,35.88,101.85,0.00,405.00,0,0,0
2023-08-10T13:56:10Z,22.79,77.87,100,0,34.25,101.85,1.00,411.00,null,null,null
2023-08-10T13:57:10Z,22.79,77.85,100,0,33.66,101.84,1.00,411.00,null,null,null
2023-08-10T13:58:10Z,22.81,77.82,99,0,33.77,101.84,1.00,411.00,null,null,null
2023-08-10T13:59:10Z,22.81,77.85,100,0,34.49,101.85,1.00,411.00,null,null,null
2023-08-10T14:00:10Z,22.79,77.88,100,0,35.65,101.84,1.00,411.00,0,0,0
2023-08-10T14:01:10Z,22.83,77.82,100,0,33.98,101.84,1.00,407.00,null,null,null
2023-08-10T14:02:10Z,22.81,77.79,100,0,33.58,101.85,1.00,407.00,null,null,null
2023-08-10T14:03:10Z,22.81,77.78,100,0,36.89,101.84,2.00,418.00,null,null,null
2023-08-10T14:04:10Z,22.86,77.79,100,0,35.77,101.85,1.00,411.00,null,null,null
2023-08-10T14:05:10Z,22.84,77.77,100,0,33.95,101.84,1.00,411.00,0,0,0
2023-08-10T14:06:10Z,22.83,77.71,100,0,34.29,101.85,1.00,411.00,null,null,null
2023-08-10T14:07:10Z,22.86,77.72,100,0,34.39,101.85,2.00,415.00,null,null,null
2023-08-10T14:08:10Z,22.84,77.71,100,0,33.47,101.84,1.00,410.00,null,null,null
2023-08-10T14:09:10Z,22.86,77.73,100,0,34.17,101.85,2.00,415.00,null,null,null
2023-08-10T14:10:10Z,22.84,77.71,100,0,35.82,101.85,2.00,415.00,0,0,0
2023-08-10T14:11:10Z,22.86,77.66,100,0,34.55,101.85,1.00,410.00,null,null,null
2023-08-10T14:12:10Z,22.86,77.63,99,0,38.13,101.85,2.00,415.00,null,null,null
2023-08-10T14:13:10Z,22.89,77.68,100,0,35.60,101.85,2.00,415.00,null,null,null
2023-08-10T14:14:10Z,22.86,77.61,100,0,40.07,101.86,1.00,410.00,null,null,null
2023-08-10T14:15:10Z,22.86,77.65,100,0,35.75,101.85,1.00,410.00,0,0,0
2023-08-10T14:16:10Z,22.87,77.60,100,0,35.87,101.84,1.00,410.00,null,null,null
2023-08-10T14:17:10Z,22.89,77.59,100,0,36.74,101.84,1.00,410.00,null,null,null
2023-08-10T14:18:10Z,22.89,77.59,100,0,34.29,101.84,2.00,417.00,null,null,null
2023-08-10T14:19:10Z,22.86,77.57,99,0,33.31,101.84,1.00,410.00,null,null,null
2023-08-10T14:20:10Z,22.89,77.62,100,0,33.05,101.84,1.00,410.00,0,0,0
2023-08-10T14:21:10Z,22.87,77.52,100,0,34.68,101.84,1.00,410.00,null,null,null
2023-08-10T14:22:10Z,22.91,77.54,100,0,37.17,101.83,1.00,407.00,null,null,null
2023-08-10T14:23:10Z,22.89,77.54,100,0,39.69,101.84,1.00,407.00,null,null,null
2023-08-10T14:24:10Z,22.89,77.51,100,0,45.28,101.84,1.00,410.00,null,null,null
2023-08-10T14:25:10Z,22.93,77.53,100,0,33.93,101.83,1.00,407.00,0,0,0
2023-08-10T14:26:10Z,22.89,77.47,100,0,33.68,101.82,0.00,401.00,null,null,null
2023-08-10T14:27:10Z,22.91,77.48,100,0,34.96,101.83,0.00,401.00,null,null,null
2023-08-10T14:28:10Z,22.93,77.44,99,0,33.87,101.82,0.00,401.00,null,null,null
2023-08-10T14:29:10Z,22.91,77.47,100,0,35.14,101.82,1.00,407.00,null,null,null
2023-08-10T14:30:10Z,22.91,77.47,100,0,33.87,101.82,0.00,401.00,0,0,0
2023-08-10T14:31:10Z,22.94,77.39,100,0,33.56,101.82,0.00,400.00,null,null,null
2023-08-10T14:32:10Z,22.93,77.38,99,0,33.79,101.82,1.00,410.00,null,null,null
2023-08-10T14:33:10Z,22.96,77.39,100,0,33.80,101.82,0.00,405.00,null,null,null
2023-08-10T14:34:10Z,22.96,77.39,100,0,33.66,101.83,0.00,405.00,null,null,null
2023-08-10T14:35:10Z,22.94,77.41,100,0,33.68,101.83,0.00,405.00,0,0,0
2023-08-10T14:36:10Z,22.93,77.35,100,0,33.66,101.82,0.00,400.00,null,null,null
2023-08-10T14:37:10Z,22.97,77.28,100,0,32.96,101.82,0.00,400.00,null,null,null
2023-08-10T14:38:10Z,22.96,77.33,100,0,34.74,101.82,0.00,405.00,null,null,null
2023-08-10T14:39:10Z,22.96,77.33,99,0,33.43,101.82,0.00,405.00,null,null,null
2023-08-10T14:40:10Z,22.96,77.31,99,0,33.26,101.82,0.00,405.00,0,0,0
2023-08-10T14:41:10Z,22.96,77.27,100,0,37.11,101.82,0.00,405.00,null,null,null
2023-08-10T14:42:10Z,22.97,77.30,100,0,33.40,101.81,0.00,405.00,null,null,null
2023-08-10T14:43:10Z,22.97,77.27,100,0,33.39,101.81,0.00,405.00,null,null,null
2023-08-10T14:44:10Z,22.97,77.24,100,0,34.07,101.81,0.00,405.00,null,null,null
2023-08-10T14:45:10Z,22.99,77.30,100,0,37.90,101.81,0.00,403.00,0,0,0
2023-08-10T14:46:10Z,22.97,77.21,100,0,34.41,101.81,0.00,405.00,null,null,null
2023-08-10T14:47:10Z,22.99,77.24,100,0,33.57,101.80,1.00,408.00,null,null,null
2023-08-10T14:48:10Z,23.00,77.20,100,0,34.29,101.80,0.00,403.00,null,null,null
2023-08-10T14:49:10Z,22.99,77.23,99,0,34.23,101.80,0.00,403.00,null,null,null
2023-08-10T14:50:10Z,22.99,77.22,100,0,33.83,101.80,0.00,403.00,0,0,0
2023-08-10T14:51:10Z,23.00,77.16,99,0,33.69,101.80,0.00,403.00,null,null,null
2023-08-10T14:52:10Z,23.00,77.15,100,0,35.87,101.80,0.00,403.00,null,null,null
2023-08-10T14:53:10Z,23.00,77.17,100,0,36.39,101.80,0.00,403.00,null,null,null
2023-08-10T14:54:10Z,23.00,77.14,100,0,34.79,101.80,0.00,403.00,null,null,null
2023-08-10T14:55:10Z,23.01,77.14,100,0,33.87,101.80,0.00,403.00,0,0,0
2023-08-10T14:56:10Z,23.01,77.10,99,0,33.40,101.80,0.00,403.00,null,null,null
2023-08-10T14:57:10Z,23.03,77.13,100,0,33.83,101.80,0.00,403.00,null,null,null
2023-08-10T14:58:10Z,23.01,77.10,100,0,45.70,101.80,0.00,403.00,null,null,null
2023-08-10T14:59:10Z,23.06,77.08,100,0,33.65,101.79,0.00,400.00,null,null,null
2023-08-10T15:00:10Z,23.01,77.11,100,0,33.88,101.80,0.00,400.00,0,0,0
2023-08-10T15:01:10Z,23.04,77.01,100,0,34.44,101.80,0.00,405.00,null,null,null
2023-08-10T15:02:10Z,23.03,77.01,100,0,38.72,101.80,0.00,405.00,null,null,null
2023-08-10T15:03:10Z,23.01,77.01,100,0,34.08,101.79,0.00,400.00,null,null,null
2023-08-10T15:04:10Z,23.03,77.01,100,0,33.96,101.79,0.00,400.00,null,null,null
2023-08-10T15:05:10Z,23.04,77.03,99,0,33.74,101.79,0.00,400.00,0,0,0
2023-08-10T15:06:10Z,23.06,76.96,100,0,35.56,101.80,0.00,400.00,null,null,null
2023-08-10T15:07:10Z,23.06,77.00,100,0,33.98,101.79,0.00,400.00,null,null,null
2023-08-10T15:08:10Z,23.07,76.94,100,0,34.05,101.80,0.00,400.00,null,null,null
2023-08-10T15:09:10Z,23.06,76.97,100,0,36.05,101.80,0.00,400.00,null,null,null
2023-08-10T15:10:10Z,23.06,76.93,100,1,34.46,101.80,0.00,400.00,0,0,0
2023-08-10T15:11:10Z,23.08,76.90,100,0,33.80,101.80,0.00,400.00,null,null,null
2023-08-10T15:12:10Z,23.08,76.91,100,0,32.87,101.80,0.00,403.00,null,null,null
2023-08-10T15:13:10Z,23.07,76.92,100,0,35.59,101.80,0.00,403.00,null,null,null
2023-08-10T15:14:10Z,23.07,76.85,100,0,35.06,101.80,0.00,406.00,null,null,null
2023-08-10T15:15:10Z,23.06,76.88,100,0,37.09,101.81,0.00,403.00,0,0,0
2023-08-10T15:16:10Z,23.08,76.81,100,0,37.49,101.81,0.00,400.00,null,null,null
2023-08-10T15:17:10Z,23.08,76.82,100,0,33.58,101.81,1.00,407.00,null,null,null
2023-08-10T15:18:10Z,23.08,76.84,100,0,36.86,101.81,1.00,407.00,null,null,null
2023-08-10T15:19:10Z,23.10,76.84,100,0,33.87,101.81,1.00,407.00,null,null,null
2023-08-10T15:20:10Z,23.08,76.90,100,0,33.42,101.81,1.00,407.00,0,0,0
2023-08-10T15:21:10Z,23.10,76.73,100,0,33.28,101.81,1.00,407.00,null,null,null
2023-08-10T15:22:10Z,23.08,76.74,100,0,37.41,101.81,1.00,410.00,null,null,null
2023-08-10T15:23:10Z,23.11,76.74,100,0,36.01,101.81,1.00,410.00,null,null,null
2023-08-10T15:24:10Z,23.11,76.74,99,0,34.59,101.80,1.00,410.00,null,null,null
2023-08-10T15:25:10Z,23.08,76.72,100,0,34.50,101.81,1.00,407.00,0,0,0
2023-08-10T15:26:10Z,23.14,76.69,100,0,34.29,101.81,1.00,410.00,null,null,null
2023-08-10T15:27:10Z,23.12,76.68,100,0,34.67,101.81,1.00,407.00,null,null,null
2023-08-10T15:28:10Z,23.12,76.64,100,0,34.82,101.80,1.00,410.00,null,null,null
2023-08-10T15:29:10Z,23.11,76.65,100,0,34.68,101.80,1.00,407.00,null,null,null
2023-08-10T15:30:10Z,23.11,76.73,100,0,33.76,101.80,1.00,407.00,0,0,0
2023-08-10T15:31:10Z,23.12,76.65,100,0,34.43,101.80,1.00,407.00,null,null,null
2023-08-10T15:32:10Z,23.12,76.64,100,0,34.98,101.79,0.00,403.00,null,null,null
2023-08-10T15:33:10Z,23.12,76.57,100,0,33.70,101.80,1.00,407.00,null,null,null
2023-08-10T15:34:10Z,23.14,76.63,100,0,33.31,101.79,1.00,407.00,null,null,null
2023-08-10T15:35:10Z,23.11,76.57,100,0,33.38,101.79,1.00,407.00,0,0,0
2023-08-10T15:36:10Z,23.14,76.57,100,0,34.74,101.78,1.00,407.00,null,null,null
2023-08-10T15:37:10Z,23.15,76.52,99,0,35.09,101.79,1.00,407.00,null,null,null
2023-08-10T15:38:10Z,23.17,76.55,100,0,33.90,101.79,1.00,407.00,null,null,null
2023-08-10T15:39:10Z,23.15,76.52,100,0,33.05,101.79,1.00,407.00,null,null,null
2023-08-10T15:40:10Z,23.12,76.54,100,0,33.59,101.78,1.00,407.00,0,0,0
2023-08-10T15:41:10Z,23.15,76.49,100,0,33.22,101.78,1.00,407.00,null,null,null
2023-08-10T15:42:10Z,23.14,76.49,100,0,33.56,101.78,1.00,407.00,null,null,null
2023-08-10T15:43:10Z,23.15,76.49,100,0,35.21,101.78,0.00,403.00,null,null,null
2023-08-10T15:44:10Z,23.14,76.52,100,0,33.85,101.77,0.00,400.00,null,null,null
2023-08-10T15:45:10Z,23.15,76.53,100,0,35.45,101.77,0.00,400.00,0,0,0
2023-08-10T15:46:10Z,23.18,76.50,100,0,32.71,101.77,0.00,400.00,null,null,null
2023-08-10T15:47:10Z,23.18,76.48,100,0,33.79,101.76,1.00,408.00,null,null,null
2023-08-10T15:48:10Z,23.15,76.49,100,0,34.10,101.77,0.00,405.00,null,null,null
2023-08-10T15:49:10Z,23.18,76.49,100,0,34.37,101.77,0.00,405.00,null,null,null
2023-08-10T15:50:10Z,23.18,76.50,100,0,33.68,101.77,0.00,405.00,0,0,0
2023-08-10T15:51:10Z,23.18,76.48,99,0,34.46,101.77,0.00,400.00,null,null,null
2023-08-10T15:52:10Z,23.20,76.41,100,0,33.76,101.76,0.00,405.00,null,null,null
2023-08-10T15:53:10Z,23.21,76.42,100,0,36.05,101.77,0.00,405.00,null,null,null
2023-08-10T15:54:10Z,23.20,76.47,100,0,33.34,101.76,0.00,405.00,null,null,null
2023-08-10T15:55:10Z,23.17,76.44,100,0,37.94,101.76,0.00,405.00,0,0,0
2023-08-10T15:56:10Z,23.17,76.40,100,0,36.38,101.76,0.00,400.00,null,null,null
2023-08-10T15:57:10Z,23.21,76.43,100,0,34.51,101.76,0.00,400.00,null,null,null
2023-08-10T15:58:10Z,23.24,76.41,100,0,33.90,101.76,0.00,405.00,null,null,null
2023-08-10T15:59:10Z,23.20,76.38,100,0,34.02,101.76,0.00,400.00,null,null,null
2023-08-10T16:00:10Z,23.20,76.42,100,0,34.07,101.76,0.00,400.00,0,0,0
2023-08-10T16:01:10Z,23.21,76.35,100,0,33.61,101.76,0.00,400.00,null,null,null
2023-08-10T16:02:10Z,23.20,76.30,100,0,34.10,101.76,0.00,400.00,null,null,null
2023-08-10T16:03:10Z,23.22,76.34,100,0,33.92,101.76,0.00,400.00,null,null,null
2023-08-10T16:04:10Z,23.21,76.39,100,0,34.43,101.76,0.00,400.00,null,null,null
2023-08-10T16:05:10Z,23.22,76.35,100,0,33.98,101.76,0.00,400.00,0,0,0
2023-08-10T16:06:10Z,23.21,76.31,100,0,33.39,101.76,0.00,400.00,null,null,null
2023-08-10T16:07:10Z,23.24,76.30,100,0,37.42,101.76,0.00,400.00,null,null,null
2023-08-10T16:08:10Z,23.24,76.31,100,0,35.21,101.76,0.00,400.00,null,null,null
2023-08-10T16:09:10Z,23.24,76.30,99,0,33.27,101.77,0.00,400.00,null,null,null
2023-08-10T16:10:10Z,23.21,76.36,100,0,33.70,101.77,0.00,400.00,0,0,0
2023-08-10T16:11:10Z,23.22,76.28,100,0,35.87,101.77,0.00,400.00,null,null,null
2023-08-10T16:12:10Z,23.24,76.25,100,0,33.30,101.77,0.00,400.00,null,null,null
2023-08-10T16:13:10Z,23.27,76.29,100,0,34.56,101.77,0.00,400.00,null,null,null
2023-08-10T16:14:10Z,23.25,76.28,100,0,34.54,101.77,0.00,400.00,null,null,null
2023-08-10T16:15:10Z,23.22,76.34,100,0,38.99,101.77,0.00,400.00,0,0,0
2023-08-10T16:16:10Z,23.25,76.25,100,0,33.24,101.77,5.00,435.00,null,null,null
2023-08-10T16:17:10Z,23.28,76.23,100,0,33.43,101.77,0.00,400.00,null,null,null
2023-08-10T16:18:10Z,23.28,76.22,100,0,35.19,101.77,0.00,402.00,null,null,null
2023-08-10T16:19:10Z,23.27,76.20,100,0,35.93,101.78,0.00,402.00,null,null,null
2023-08-10T16:20:10Z,23.27,76.26,100,0,34.74,101.77,0.00,402.00,0,0,0
2023-08-10T16:21:10Z,23.27,76.16,100,0,35.87,101.77,0.00,400.00,null,null,null
2023-08-10T16:22:10Z,23.27,76.16,100,0,33.94,101.77,0.00,402.00,null,null,null
2023-08-10T16:23:10Z,23.28,76.19,100,0,33.70,101.77,0.00,402.00,null,null,null
2023-08-10T16:24:10Z,23.27,76.22,100,0,35.36,101.77,0.00,402.00,null,null,null
2023-08-10T16:25:10Z,23.27,76.19,100,0,33.08,101.77,0.00,402.00,0,0,0
2023-08-10T16:26:10Z,23.30,76.15,99,0,33.64,101.77,0.00,402.00,null,null,null
2023-08-10T16:27:10Z,23.27,76.15,100,0,33.49,101.78,0.00,402.00,null,null,null
2023-08-10T16:28:10Z,23.28,76.17,100,0,36.93,101.77,0.00,402.00,null,null,null
2023-08-10T16:29:10Z,23.31,76.15,100,0,33.21,101.77,0.00,402.00,null,null,null
2023-08-10T16:30:10Z,23.28,76.20,100,0,33.22,101.78,0.00,402.00,0,0,0
2023-08-10T16:31:10Z,23.30,76.16,100,0,33.48,101.78,0.00,400.00,null,null,null
2023-08-10T16:32:10Z,23.28,76.12,100,0,33.56,101.78,1.00,408.00,null,null,null
2023-08-10T16:33:10Z,23.31,76.11,100,0,34.15,101.78,1.00,408.00,null,null,null
2023-08-10T16:34:10Z,23.30,76.20,100,0,35.48,101.78,1.00,408.00,null,null,null
2023-08-10T16:35:10Z,23.28,76.12,100,0,34.53,101.78,1.00,408.00,0,0,0
2023-08-10T16:36:10Z,23.31,76.10,100,0,32.75,101.78,0.00,405.00,null,null,null
2023-08-10T16:37:10Z,23.30,76.07,100,0,33.80,101.78,1.00,408.00,null,null,null
2023-08-10T16:38:10Z,23.32,76.07,100,0,34.06,101.78,0.00,405.00,null,null,null
2023-08-10T16:39:10Z,23.32,76.08,100,0,34.34,101.78,1.00,408.00,null,null,null
2023-08-10T16:40:10Z,23.32,76.10,100,0,38.17,101.78,1.00,408.00,0,0,0
2023-08-10T16:41:10Z,23.31,76.03,100,0,34.34,101.78,1.00,408.00,null,null,null
2023-08-10T16:42:10Z,23.34,76.03,100,0,33.42,101.78,1.00,408.00,null,null,null
2023-08-10T16:43:10Z,23.35,76.03,100,0,34.47,101.79,1.00,408.00,null,null,null
2023-08-10T16:44:10Z,23.32,76.05,100,0,33.59,101.78,1.00,408.00,null,null,null
2023-08-10T16:45:10Z,23.32,76.10,100,0,33.31,101.78,0.00,405.00,0,0,0
2023-08-10T16:46:10Z,23.35,76.03,100,0,33.52,101.78,0.00,405.00,null,null,null
2023-08-10T16:47:10Z,23.35,76.01,100,0,33.85,101.78,0.00,405.00,null,null,null
2023-08-10T16:48:10Z,23.34,76.01,100,0,33.72,101.79,1.00,408.00,null,null,null
2023-08-10T16:49:10Z,23.32,76.00,100,0,34.64,101.79,0.00,405.00,null,null,null
2023-08-10T16:50:10Z,23.37,76.01,100,0,34.20,101.78,0.00,405.00,0,0,0
2023-08-10T16:51:10Z,23.34,75.98,100,0,34.21,101.78,0.00,405.00,null,null,null
2023-08-10T16:52:10Z,23.35,75.94,100,0,33.95,101.78,0.00,405.00,null,null,null
2023-08-10T16:53:10Z,23.37,75.99,100,0,33.07,101.78,1.00,408.00,null,null,null
2023-08-10T16:54:10Z,23.34,75.98,100,0,34.36,101.78,0.00,405.00,null,null,null
2023-08-10T16:55:10Z,23.35,75.99,100,0,34.09,101.78,0.00,405.00,0,0,0
2023-08-10T16:56:10Z,23.34,75.94,100,0,34.68,101.78,0.00,400.00,null,null,null
2023-08-10T16:57:10Z,23.37,75.94,100,0,40.47,101.78,0.00,405.00,null,null,null
2023-08-10T16:58:10Z,23.37,75.90,100,0,33.61,101.78,0.00,400.00,null,null,null
2023-08-10T16:59:10Z,23.35,75.91,100,0,34.94,101.78,0.00,400.00,null,null,null
2023-08-10T17:00:10Z,23.34,75.98,100,0,33.78,101.78,0.00,400.00,0,0,0
2023-08-10T17:01:10Z,23.38,75.87,100,0,38.54,101.78,0.00,400.00,null,null,null
2023-08-10T17:02:10Z,23.37,75.88,99,0,34.03,101.78,0.00,400.00,null,null,null
2023-08-10T17:03:10Z,23.39,75.88,100,0,33.93,101.78,0.00,400.00,null,null,null
2023-08-10T17:04:10Z,23.37,75.91,100,0,35.61,101.78,0.00,400.00,null,null,null
2023-08-10T17:05:10Z,23.37,75.91,100,0,33.64,101.78,0.00,402.00,0,0,0
2023-08-10T17:06:10Z,23.37,75.82,100,0,33.71,101.78,0.00,400.00,null,null,null
2023-08-10T17:07:10Z,23.39,75.83,99,0,33.93,101.78,0.00,402.00,null,null,null
2023-08-10T17:08:10Z,23.38,75.85,100,0,37.03,101.78,0.00,402.00,null,null,null
2023-08-10T17:09:10Z,23.39,75.81,100,0,36.11,101.78,0.00,400.00,null,null,null
2023-08-10T17:10:10Z,23.38,75.82,99,0,42.71,101.78,0.00,400.00,0,0,0
2023-08-10T17:11:10Z,23.39,75.79,100,0,44.87,101.78,0.00,400.00,null,null,null
2023-08-10T17:12:10Z,23.39,75.77,100,0,33.58,101.78,0.00,402.00,null,null,null
2023-08-10T17:13:10Z,23.39,75.81,100,0,34.38,101.78,1.00,409.00,null,null,null
2023-08-10T17:14:10Z,23.42,75.79,100,0,38.25,101.78,0.00,402.00,null,null,null
2023-08-10T17:15:10Z,23.39,75.81,100,0,33.92,101.78,0.00,402.00,0,0,0
2023-08-10T17:16:10Z,23.42,75.73,100,0,41.88,101.78,0.00,402.00,null,null,null
2023-08-10T17:17:10Z,23.37,75.73,100,0,34.05,101.78,0.00,406.00,null,null,null
2023-08-10T17:18:10Z,23.41,75.75,100,0,50.00,101.78,0.00,406.00,null,null,null
2023-08-10T17:19:10Z,23.41,75.74,99,0,33.23,101.78,0.00,402.00,null,null,null
2023-08-10T17:20:10Z,23.41,75.76,100,0,34.54,101.78,0.00,406.00,0,0,0
2023-08-10T17:21:10Z,23.41,75.68,100,0,39.35,101.78,0.00,402.00,null,null,null
2023-08-10T17:22:10Z,23.42,75.67,100,0,38.89,101.78,0.00,406.00,null,null,null
2023-08-10T17:23:10Z,23.44,75.71,100,0,35.07,101.78,0.00,406.00,null,null,null
2023-08-10T17:24:10Z,23.44,75.75,100,0,33.99,101.78,0.00,406.00,null,null,null
2023-08-10T17:25:10Z,23.42,75.72,100,0,33.74,101.78,0.00,402.00,0,0,0
2023-08-10T17:26:10Z,23.42,75.67,99,0,37.61,101.78,0.00,406.00,null,null,null
2023-08-10T17:27:10Z,23.44,75.68,100,0,33.18,101.78,0.00,406.00,null,null,null
2023-08-10T17:28:10Z,23.45,75.66,99,0,33.62,101.78,0.00,406.00,null,null,null
2023-08-10T17:29:10Z,23.45,75.72,100,0,35.61,101.78,0.00,406.00,null,null,null
2023-08-10T17:30:10Z,23.44,75.71,100,0,34.47,101.78,0.00,406.00,0,0,0
2023-08-10T17:31:10Z,23.44,75.64,100,0,34.02,101.78,0.00,406.00,null,null,null
2023-08-10T17:32:10Z,23.45,75.69,100,0,34.74,101.78,0.00,406.00,null,null,null
2023-08-10T17:33:10Z,23.45,75.65,100,0,35.75,101.77,0.00,406.00,null,null,null
2023-08-10T17:34:10Z,23.45,75.65,100,0,35.31,101.78,0.00,406.00,null,null,null
2023-08-10T17:35:10Z,23.44,75.71,100,0,38.25,101.78,0.00,403.00,0,0,0
2023-08-10T17:36:10Z,23.45,75.66,100,0,34.79,101.78,0.00,406.00,null,null,null
2023-08-10T17:37:10Z,23.45,75.68,100,0,34.19,101.78,0.00,406.00,null,null,null
2023-08-10T17:38:10Z,23.45,75.67,100,0,35.18,101.78,0.00,406.00,null,null,null
2023-08-10T17:39:10Z,23.47,75.69,100,0,34.43,101.78,0.00,403.00,null,null,null
2023-08-10T17:40:10Z,23.44,75.70,100,0,35.94,101.78,0.00,406.00,0,0,0
2023-08-10T17:41:10Z,23.48,75.70,100,0,34.44,101.78,0.00,403.00,null,null,null
2023-08-10T17:42:10Z,23.47,75.64,100,0,34.49,101.78,0.00,403.00,null,null,null
2023-08-10T17:43:10Z,23.48,75.63,100,0,37.83,101.78,0.00,403.00,null,null,null
2023-08-10T17:44:10Z,23.44,75.69,100,0,41.60,101.78,0.00,403.00,null,null,null
2023-08-10T17:45:10Z,23.47,75.69,100,0,36.55,101.78,0.00,406.00,0,0,0
2023-08-10T17:46:10Z,23.50,75.64,100,0,33.94,101.78,0.00,403.00,null,null,null
2023-08-10T17:47:10Z,23.51,75.65,100,0,34.72,101.78,0.00,406.00,null,null,null
2023-08-10T17:48:10Z,23.48,75.65,100,0,36.90,101.78,0.00,406.00,null,null,null
2023-08-10T17:49:10Z,23.47,75.66,100,0,33.28,101.78,0.00,406.00,null,null,null
2023-08-10T17:50:10Z,23.50,75.68,100,0,34.52,101.78,1.00,413.00,0,0,0
2023-08-10T17:51:10Z,23.50,75.68,100,0,38.27,101.78,0.00,400.00,null,null,null
2023-08-10T17:52:10Z,23.50,75.64,100,0,36.08,101.77,1.00,407.00,null,null,null
2023-08-10T17:53:10Z,23.51,75.60,100,0,35.01,101.77,1.00,407.00,null,null,null
2023-08-10T17:54:10Z,23.51,75.67,100,0,34.47,101.77,1.00,407.00,null,null,null
2023-08-10T17:55:10Z,23.50,75.62,100,0,34.05,101.77,1.00,407.00,0,0,0
2023-08-10T17:56:10Z,23.51,75.61,100,0,34.80,101.77,1.00,407.00,null,null,null
2023-08-10T17:57:10Z,23.51,75.60,100,0,37.29,101.77,1.00,407.00,null,null,null
2023-08-10T17:58:10Z,23.52,75.65,100,0,36.04,101.77,2.00,414.00,null,null,null
2023-08-10T17:59:10Z,23.50,75.65,100,0,33.35,101.77,1.00,407.00,null,null,null
2023-08-10T18:00:10Z,23.48,75.63,99,0,34.00,101.77,2.00,414.00,0,0,0
2023-08-10T18:01:10Z,23.50,75.59,100,0,34.41,101.77,1.00,407.00,null,null,null
2023-08-10T18:02:10Z,23.51,75.62,100,0,33.94,101.77,1.00,407.00,null,null,null
2023-08-10T18:03:10Z,23.54,75.60,100,0,34.84,101.77,2.00,414.00,null,null,null
2023-08-10T18:04:10Z,23.52,75.58,100,0,35.07,101.77,2.00,414.00,null,null,null
2023-08-10T18:05:10Z,23.51,75.62,100,0,34.03,101.77,1.00,407.00,0,0,0
2023-08-10T18:06:10Z,23.51,75.48,100,0,34.64,101.77,1.00,407.00,null,null,null
2023-08-10T18:07:10Z,23.54,75.49,100,0,36.10,101.77,1.00,407.00,null,null,null
2023-08-10T18:08:10Z,23.54,75.50,100,0,35.47,101.76,1.00,407.00,null,null,null
2023-08-10T18:09:10Z,23.51,75.48,99,0,40.28,101.76,1.00,407.00,null,null,null
2023-08-10T18:10:10Z,23.51,75.51,100,0,36.14,101.77,1.00,407.00,0,0,0
2023-08-10T18:11:10Z,23.51,75.40,100,0,35.09,101.77,1.00,407.00,null,null,null
2023-08-10T18:12:10Z,23.52,75.38,100,0,37.10,101.76,1.00,407.00,null,null,null
2023-08-10T18:13:10Z,23.54,75.39,100,0,33.40,101.77,0.00,405.00,null,null,null
2023-08-10T18:14:10Z,23.52,75.38,100,0,40.02,101.77,0.00,405.00,null,null,null
2023-08-10T18:15:10Z,23.52,75.36,100,0,37.75,101.77,0.00,405.00,0,0,0
2023-08-10T18:16:10Z,23.55,75.35,100,0,34.31,101.76,1.00,407.00,null,null,null
2023-08-10T18:17:10Z,23.55,75.35,100,0,37.22,101.77,1.00,407.00,null,null,null
2023-08-10T18:18:10Z,23.54,75.30,100,0,36.15,101.76,1.00,407.00,null,null,null
2023-08-10T18:19:10Z,23.52,75.31,99,0,37.40,101.77,1.00,407.00,null,null,null
2023-08-10T18:20:10Z,23.52,75.31,100,0,36.25,101.76,0.00,405.00,0,0,0
2023-08-10T18:21:10Z,23.54,75.26,100,0,46.72,101.76,0.00,405.00,null,null,null
2023-08-10T18:22:10Z,23.55,75.30,100,0,35.77,101.77,0.00,400.00,null,null,null
2023-08-10T18:23:10Z,23.57,75.31,100,0,33.42,101.76,0.00,405.00,null,null,null
2023-08-10T18:24:10Z,23.55,75.28,100,0,37.51,101.77,0.00,405.00,null,null,null
2023-08-10T18:25:10Z,23.55,75.38,100,0,60.12,101.76,0.00,405.00,0,0,0
2023-08-10T18:26:10Z,23.55,75.35,100,0,39.47,101.77,0.00,405.00,null,null,null
2023-08-10T18:27:10Z,23.57,75.36,100,0,40.87,101.77,1.00,407.00,null,null,null
2023-08-10T18:28:10Z,23.58,75.40,100,0,34.29,101.76,1.00,407.00,null,null,null
2023-08-10T18:29:10Z,23.55,75.45,100,0,33.69,101.76,2.00,414.00,null,null,null
2023-08-10T18:30:10Z,23.57,75.44,99,0,35.71,101.77,1.00,407.00,0,0,0
2023-08-10T18:31:10Z,23.58,75.43,100,0,36.70,101.76,1.00,407.00,null,null,null
2023-08-10T18:32:10Z,23.58,75.48,99,0,33.93,101.77,2.00,414.00,null,null,null
2023-08-10T18:33:10Z,23.59,75.49,100,0,33.84,101.77,2.00,414.00,null,null,null
2023-08-10T18:34:10Z,23.59,75.53,100,0,35.71,101.77,2.00,416.00,null,null,null
2023-08-10T18:35:10Z,23.57,75.53,100,0,56.20,101.77,2.00,416.00,0,0,0
2023-08-10T18:36:10Z,23.58,75.47,100,0,34.16,101.77,2.00,416.00,null,null,null
2023-08-10T18:37:10Z,23.59,75.51,100,0,35.17,101.77,2.00,416.00,null,null,null
2023-08-10T18:38:10Z,23.61,75.50,100,0,42.46,101.77,2.00,416.00,null,null,null
2023-08-10T18:39:10Z,23.61,75.59,100,0,41.52,101.77,2.00,416.00,null,null,null
2023-08-10T18:40:10Z,23.59,75.61,100,0,37.89,101.77,3.00,421.00,0,0,0
2023-08-10T18:41:10Z,23.61,75.61,100,0,37.89,101.78,3.00,421.00,null,null,null
2023-08-10T18:42:10Z,23.63,75.61,100,0,34.27,101.78,3.00,421.00,null,null,null
2023-08-10T18:43:10Z,23.62,75.61,100,0,33.98,101.77,3.00,424.00,null,null,null
2023-08-10T18:44:10Z,23.61,75.61,99,0,36.00,101.78,3.00,424.00,null,null,null
2023-08-10T18:45:10Z,23.62,75.67,100,0,43.24,101.78,3.00,424.00,0,0,0
2023-08-10T18:46:10Z,23.59,75.69,100,0,33.60,101.78,3.00,424.00,null,null,null
2023-08-10T18:47:10Z,23.63,75.63,100,0,34.29,101.78,3.00,424.00,null,null,null
2023-08-10T18:48:10Z,23.62,75.64,100,0,33.47,101.78,3.00,424.00,null,null,null
2023-08-10T18:49:10Z,23.62,75.71,100,0,34.15,101.78,3.00,424.00,null,null,null
2023-08-10T18:50:10Z,23.62,75.72,99,0,34.34,101.78,4.00,432.00,0,0,0
2023-08-10T18:51:10Z,23.63,75.73,100,0,33.74,101.78,4.00,432.00,null,null,null
2023-08-10T18:52:10Z,23.65,75.64,100,0,33.20,101.78,3.00,424.00,null,null,null
2023-08-10T18:53:10Z,23.62,75.64,100,0,33.72,101.78,3.00,424.00,null,null,null
2023-08-10T18:54:10Z,23.62,75.65,100,0,33.97,101.78,3.00,424.00,null,null,null
2023-08-10T18:55:10Z,23.62,75.66,100,0,35.13,101.78,3.00,424.00,0,0,0
2023-08-10T18:56:10Z,23.65,75.68,100,0,33.40,101.77,3.00,424.00,null,null,null
2023-08-10T18:57:10Z,23.66,75.62,100,0,43.29,101.77,3.00,424.00,null,null,null
2023-08-10T18:58:10Z,23.65,75.66,100,0,33.65,101.78,4.00,432.00,null,null,null
2023-08-10T18:59:10Z,23.66,75.62,100,0,33.89,101.78,3.00,424.00,null,null,null
2023-08-10T19:00:10Z,23.63,75.58,100,0,33.31,101.78,3.00,424.00,0,0,0
2023-08-10T19:01:10Z,23.63,75.56,99,0,39.61,101.78,3.00,424.00,null,null,null
2023-08-10T19:02:10Z,23.66,75.57,100,0,34.20,101.78,3.00,424.00,null,null,null
2023-08-10T19:03:10Z,23.65,75.62,100,0,39.30,101.78,3.00,424.00,null,null,null
2023-08-10T19:04:10Z,23.65,75.62,100,0,37.30,101.78,3.00,424.00,null,null,null
2023-08-10T19:05:10Z,23.63,75.62,100,0,37.52,101.79,3.00,424.00,0,0,0
2023-08-10T19:06:10Z,23.66,75.59,100,0,36.87,101.78,3.00,424.00,null,null,null
2023-08-10T19:07:10Z,23.66,75.55,100,0,36.35,101.79,4.00,432.00,null,null,null
2023-08-10T19:08:10Z,23.66,75.56,100,0,34.41,101.79,3.00,424.00,null,null,null
2023-08-10T19:09:10Z,23.68,75.55,100,0,35.29,101.79,3.00,424.00,null,null,null
2023-08-10T19:10:10Z,23.66,75.45,100,0,36.27,101.79,3.00,424.00,0,0,0
2023-08-10T19:11:10Z,23.68,75.34,100,0,43.66,101.79,2.00,416.00,null,null,null
2023-08-10T19:12:10Z,23.66,75.32,99,0,35.45,101.79,2.00,416.00,null,null,null
2023-08-10T19:13:10Z,23.68,75.26,100,0,34.19,101.79,2.00,414.00,null,null,null
2023-08-10T19:14:10Z,23.71,75.30,100,0,34.29,101.79,2.00,414.00,null,null,null
2023-08-10T19:15:10Z,23.66,75.37,100,0,35.95,101.79,2.00,414.00,0,0,0
2023-08-10T19:16:10Z,23.71,75.39,100,0,35.19,101.79,0.00,405.00,null,null,null
2023-08-10T19:17:10Z,23.69,75.40,100,0,37.62,101.79,2.00,414.00,null,null,null
2023-08-10T19:18:10Z,23.68,75.54,100,0,33.55,101.80,2.00,414.00,null,null,null
2023-08-10T19:19:10Z,23.68,75.61,100,0,34.02,101.80,2.00,414.00,null,null,null
2023-08-10T19:20:10Z,23.69,75.73,100,0,34.54,101.80,2.00,414.00,0,0,0
2023-08-10T19:21:10Z,23.71,75.92,99,0,35.41,101.80,2.00,416.00,null,null,null
2023-08-10T19:22:10Z,23.69,75.93,100,0,34.91,101.80,1.00,413.00,null,null,null
2023-08-10T19:23:10Z,23.73,75.94,100,0,43.76,101.80,1.00,413.00,null,null,null
2023-08-10T19:24:10Z,23.69,75.98,100,0,34.63,101.80,1.00,413.00,null,null,null
2023-08-10T19:25:10Z,23.72,76.03,99,0,41.26,101.80,1.00,413.00,0,0,0
2023-08-10T19:26:10Z,23.71,76.28,99,0,33.87,101.80,2.00,417.00,null,null,null
2023-08-10T19:27:10Z,23.72,76.27,100,0,39.62,101.81,2.00,418.00,null,null,null
2023-08-10T19:28:10Z,23.71,76.26,100,0,33.34,101.81,5.00,438.00,null,null,null
2023-08-10T19:29:10Z,23.73,76.42,100,0,33.32,101.81,11.00,475.00,null,null,null
2023-08-10T19:30:10Z,23.73,76.52,100,0,38.29,101.82,14.00,498.00,0,0,0
2023-08-10T19:31:10Z,23.75,76.75,100,0,33.86,101.81,25.00,567.00,null,null,null
2023-08-10T19:32:10Z,23.75,76.60,100,0,34.79,101.81,19.00,530.00,null,null,null
2023-08-10T19:33:10Z,23.76,76.65,100,0,33.65,101.81,23.00,552.00,null,null,null
2023-08-10T19:34:10Z,23.75,76.69,99,0,null,101.81,25.00,566.00,null,null,null
2023-08-10T19:35:10Z,23.73,76.74,100,0,37.92,101.81,27.00,578.00,0,0,0
2023-08-10T19:36:10Z,23.73,76.84,100,0,35.30,101.81,37.00,643.00,null,null,null
2023-08-10T19:37:10Z,23.76,76.84,100,0,34.50,101.81,37.00,645.00,null,null,null
2023-08-10T19:38:10Z,23.73,76.76,100,0,36.01,101.82,29.00,594.00,null,null,null
2023-08-10T19:39:10Z,23.75,76.74,100,0,34.63,101.81,38.00,652.00,null,null,null
2023-08-10T19:40:10Z,23.79,76.77,100,0,35.43,101.81,31.00,605.00,0,0,0
2023-08-10T19:41:10Z,23.75,76.89,100,0,33.43,101.81,30.00,600.00,null,null,null
2023-08-10T19:42:10Z,23.75,76.80,100,0,36.97,101.81,31.00,607.00,null,null,null
2023-08-10T19:43:10Z,23.76,76.75,100,0,34.06,101.81,30.00,600.00,null,null,null
2023-08-10T19:44:10Z,23.78,76.72,100,0,34.17,101.81,29.00,594.00,null,null,null
2023-08-10T19:45:10Z,23.76,76.70,99,0,39.33,101.81,30.00,599.00,0,0,0
2023-08-10T19:46:10Z,23.73,76.74,100,0,35.52,101.81,30.00,599.00,null,null,null
2023-08-10T19:47:10Z,23.78,76.62,100,0,34.07,101.81,32.00,614.00,null,null,null
2023-08-10T19:48:10Z,23.73,76.56,100,0,34.60,101.81,29.00,592.00,null,null,null
2023-08-10T19:49:10Z,23.75,76.48,100,0,34.53,101.82,37.00,643.00,null,null,null
2023-08-10T19:50:10Z,23.73,76.43,99,0,34.62,101.82,28.00,586.00,0,0,0
2023-08-10T19:51:10Z,23.73,76.35,100,0,34.18,101.81,33.00,623.00,null,null,null
2023-08-10T19:52:10Z,23.76,76.27,100,0,34.02,101.81,34.00,629.00,null,null,null
2023-08-10T19:53:10Z,23.75,76.25,100,0,34.02,101.81,26.00,572.00,null,null,null
2023-08-10T19:54:10Z,23.75,76.21,100,0,33.28,101.81,25.00,566.00,null,null,null
2023-08-10T19:55:10Z,23.73,76.20,100,0,33.12,101.81,24.00,564.00,0,0,0
2023-08-10T19:56:10Z,23.78,76.30,100,0,33.46,101.81,30.00,603.00,null,null,null
2023-08-10T19:57:10Z,23.76,76.19,100,0,34.08,101.81,23.00,552.00,null,null,null
2023-08-10T19:58:10Z,23.76,76.11,100,0,33.51,101.81,22.00,549.00,null,null,null
2023-08-10T19:59:10Z,23.75,76.03,100,0,33.80,101.81,21.00,543.00,null,null,null
2023-08-10T20:00:10Z,23.78,76.01,100,0,33.56,101.82,20.00,537.00,0,0,0
2023-08-10T20:01:10Z,23.78,75.95,100,0,34.32,101.82,19.00,531.00,null,null,null
2023-08-10T20:02:10Z,23.76,75.91,100,0,33.36,101.82,19.00,526.00,null,null,null
2023-08-10T20:03:10Z,23.78,75.89,100,0,34.33,101.82,18.00,519.00,null,null,null
2023-08-10T20:04:10Z,23.76,75.84,99,0,35.36,101.82,18.00,519.00,null,null,null
2023-08-10T20:05:10Z,23.75,75.82,100,0,34.68,101.83,15.00,503.00,0,0,0
2023-08-10T20:06:10Z,23.76,75.72,99,0,34.19,101.82,15.00,503.00,null,null,null
2023-08-10T20:07:10Z,23.78,75.70,100,0,33.46,101.82,15.00,502.00,null,null,null
2023-08-10T20:08:10Z,23.76,75.61,100,0,37.87,101.82,14.00,498.00,null,null,null
2023-08-10T20:09:10Z,23.75,75.59,100,0,34.71,101.82,14.00,498.00,null,null,null
2023-08-10T20:10:10Z,23.73,75.60,100,0,33.37,101.82,14.00,492.00,0,0,0
2023-08-10T20:11:10Z,23.76,75.58,100,0,33.88,101.82,20.00,533.00,null,null,null
2023-08-10T20:12:10Z,23.76,75.58,100,0,33.29,101.82,12.00,482.00,null,null,null
2023-08-10T20:13:10Z,23.76,75.63,100,0,33.25,101.82,13.00,487.00,null,null,null
2023-08-10T20:14:10Z,23.76,75.58,99,0,34.27,101.82,12.00,482.00,null,null,null
2023-08-10T20:15:10Z,23.76,75.52,100,0,35.17,101.82,11.00,477.00,0,0,0
2023-08-10T20:16:10Z,23.76,75.46,99,0,33.24,101.82,11.00,477.00,null,null,null
2023-08-10T20:17:10Z,23.78,75.52,100,0,33.83,101.82,11.00,477.00,null,null,null
2023-08-10T20:18:10Z,23.78,75.49,100,0,33.62,101.82,10.00,472.00,null,null,null
2023-08-10T20:19:10Z,23.76,75.60,100,0,35.94,101.82,10.00,472.00,null,null,null
2023-08-10T20:20:10Z,23.76,75.60,100,0,33.62,101.82,10.00,472.00,0,0,0
2023-08-10T20:21:10Z,23.76,75.62,100,0,35.22,101.82,10.00,472.00,null,null,null
2023-08-10T20:22:10Z,23.76,75.55,100,0,34.69,101.81,10.00,472.00,null,null,null
2023-08-10T20:23:10Z,23.76,75.48,99,0,35.02,101.82,9.00,464.00,null,null,null
2023-08-10T20:24:10Z,23.76,75.39,99,0,39.30,101.82,9.00,460.00,null,null,null
2023-08-10T20:25:10Z,23.76,75.29,100,0,33.90,101.82,7.00,450.00,0,0,0
2023-08-10T20:26:10Z,23.75,75.20,100,0,33.41,101.82,6.00,445.00,null,null,null
2023-08-10T20:27:10Z,23.78,75.31,100,0,39.50,101.82,6.00,445.00,null,null,null
2023-08-10T20:28:10Z,23.78,75.38,100,0,33.94,101.83,9.00,463.00,null,null,null
2023-08-10T20:29:10Z,23.79,75.29,100,0,33.35,101.83,7.00,450.00,null,null,null
2023-08-10T20:30:10Z,23.78,75.33,100,0,33.86,101.83,6.00,445.00,0,0,0
2023-08-10T20:31:10Z,23.75,75.42,99,0,33.89,101.82,6.00,443.00,null,null,null
2023-08-10T20:32:10Z,23.78,75.46,100,0,33.81,101.82,6.00,443.00,null,null,null
2023-08-10T20:33:10Z,23.76,75.46,100,0,35.04,101.83,6.00,445.00,null,null,null
2023-08-10T20:34:10Z,23.76,75.51,100,0,34.23,101.83,6.00,445.00,null,null,null
2023-08-10T20:35:10Z,23.78,75.50,100,0,36.36,101.83,6.00,445.00,0,0,0
2023-08-10T20:36:10Z,23.78,75.44,99,0,34.50,101.83,5.00,438.00,null,null,null
2023-08-10T20:37:10Z,23.76,75.43,100,0,33.20,101.83,6.00,443.00,null,null,null
2023-08-10T20:38:10Z,23.78,75.35,100,0,34.41,101.83,6.00,443.00,null,null,null
2023-08-10T20:39:10Z,23.76,75.31,100,0,34.93,101.83,6.00,445.00,null,null,null
2023-08-10T20:40:10Z,23.75,75.19,100,0,35.60,101.84,5.00,438.00,0,0,0
2023-08-10T20:41:10Z,23.76,75.14,100,0,34.06,101.84,6.00,442.00,null,null,null
2023-08-10T20:42:10Z,23.78,75.07,100,0,33.84,101.83,5.00,438.00,null,null,null
2023-08-10T20:43:10Z,23.78,75.06,100,0,34.50,101.84,4.00,432.00,null,null,null
2023-08-10T20:44:10Z,23.76,75.04,99,0,41.01,101.84,3.00,425.00,null,null,null
2023-08-10T20:45:10Z,23.78,75.10,100,0,34.77,101.83,3.00,425.00,0,0,0
2023-08-10T20:46:10Z,23.76,75.06,99,0,35.52,101.84,3.00,425.00,null,null,null
2023-08-10T20:47:10Z,23.76,75.06,100,0,34.19,101.84,3.00,425.00,null,null,null
2023-08-10T20:48:10Z,23.78,75.04,100,0,34.46,101.84,3.00,425.00,null,null,null
2023-08-10T20:49:10Z,23.78,75.13,100,0,34.53,101.84,3.00,422.00,null,null,null
2023-08-10T20:50:10Z,23.76,75.10,100,0,33.20,101.84,3.00,422.00,0,0,0
2023-08-10T20:51:10Z,23.78,75.10,100,0,34.89,101.85,3.00,425.00,null,null,null
2023-08-10T20:52:10Z,23.78,75.06,100,0,33.67,101.85,3.00,422.00,null,null,null
2023-08-10T20:53:10Z,23.78,75.09,100,0,33.62,101.84,3.00,422.00,null,null,null
2023-08-10T20:54:10Z,23.76,75.22,100,0,34.23,101.85,3.00,422.00,null,null,null
2023-08-10T20:55:10Z,23.75,75.28,100,0,35.97,101.85,3.00,422.00,0,0,0
2023-08-10T20:56:10Z,23.75,75.33,99,0,33.90,101.85,3.00,422.00,null,null,null
2023-08-10T20:57:10Z,23.76,75.29,100,0,33.40,101.84,2.00,418.00,null,null,null
2023-08-10T20:58:10Z,23.79,75.20,100,0,35.54,101.85,2.00,414.00,null,null,null
2023-08-10T20:59:10Z,23.78,75.16,100,0,34.04,101.85,2.00,417.00,null,null,null
2023-08-10T21:00:10Z,23.75,75.02,100,0,32.97,101.85,2.00,417.00,0,0,0
2023-08-10T21:01:10Z,23.78,74.93,100,0,33.01,101.85,2.00,415.00,null,null,null
2023-08-10T21:02:10Z,23.78,74.79,100,0,33.43,101.85,1.00,411.00,null,null,null
2023-08-10T21:03:10Z,23.78,74.79,100,0,35.11,101.85,1.00,411.00,null,null,null
2023-08-10T21:04:10Z,23.78,74.86,100,0,34.10,101.85,1.00,411.00,null,null,null
2023-08-10T21:05:10Z,23.76,74.86,100,0,35.21,101.85,1.00,408.00,0,0,0
2023-08-10T21:06:10Z,23.76,74.85,100,0,33.39,101.85,1.00,408.00,null,null,null
2023-08-10T21:07:10Z,23.76,74.79,100,0,33.12,101.84,0.00,403.00,null,null,null
2023-08-10T21:08:10Z,23.76,74.70,99,0,34.87,101.84,0.00,403.00,null,null,null
2023-08-10T21:09:10Z,23.76,74.73,100,0,33.42,101.84,0.00,403.00,null,null,null
2023-08-10T21:10:10Z,23.73,74.83,100,0,34.06,101.84,1.00,407.00,0,0,0
2023-08-10T21:11:10Z,23.76,74.90,100,0,33.86,101.84,5.00,439.00,null,null,null
2023-08-10T21:12:10Z,23.78,74.84,99,0,36.18,101.84,0.00,403.00,null,null,null
2023-08-10T21:13:10Z,23.78,74.82,100,0,34.65,101.84,0.00,403.00,null,null,null
2023-08-10T21:14:10Z,23.76,74.76,100,0,35.34,101.84,0.00,403.00,null,null,null
2023-08-10T21:15:10Z,23.73,74.80,99,0,34.34,101.84,0.00,400.00,0,0,0
2023-08-10T21:16:10Z,23.78,74.77,100,0,33.84,101.84,4.00,427.00,null,null,null
2023-08-10T21:17:10Z,23.78,74.76,100,0,33.93,101.84,0.00,400.00,null,null,null
2023-08-10T21:18:10Z,23.75,74.75,100,0,35.78,101.84,0.00,400.00,null,null,null
2023-08-10T21:19:10Z,23.75,74.78,100,0,33.43,101.84,0.00,400.00,null,null,null
2023-08-10T21:20:10Z,23.78,74.79,100,0,34.03,101.84,0.00,400.00,0,0,0
2023-08-10T21:21:10Z,23.75,74.77,100,0,33.61,101.83,0.00,400.00,null,null,null
2023-08-10T21:22:10Z,23.79,74.78,100,0,33.88,101.84,0.00,400.00,null,null,null
2023-08-10T21:23:10Z,23.76,74.79,100,0,33.35,101.84,0.00,400.00,null,null,null
2023-08-10T21:24:10Z,23.76,74.73,100,0,33.26,101.84,0.00,400.00,null,null,null
2023-08-10T21:25:10Z,23.73,74.77,100,0,35.19,101.84,0.00,400.00,0,0,0
2023-08-10T21:26:10Z,23.75,74.69,100,0,33.50,101.83,5.00,435.00,null,null,null
2023-08-10T21:27:10Z,23.78,74.66,100,0,33.26,101.84,0.00,403.00,null,null,null
2023-08-10T21:28:10Z,23.76,74.60,100,0,33.18,101.83,0.00,400.00,null,null,null
2023-08-10T21:29:10Z,23.75,74.65,100,0,34.42,101.84,0.00,400.00,null,null,null
2023-08-10T21:30:10Z,23.75,74.68,100,0,33.96,101.83,0.00,400.00,0,0,0
2023-08-10T21:31:10Z,23.75,74.59,100,0,33.67,101.84,0.00,400.00,null,null,null
2023-08-10T21:32:10Z,23.75,74.54,100,0,33.54,101.84,0.00,400.00,null,null,null
2023-08-10T21:33:10Z,23.75,74.53,100,0,33.92,101.84,0.00,400.00,null,null,null
2023-08-10T21:34:10Z,23.76,74.54,100,0,33.76,101.84,0.00,400.00,null,null,null
2023-08-10T21:35:10Z,23.75,74.52,100,0,34.00,101.84,0.00,400.00,0,0,0
2023-08-10T21:36:10Z,23.76,74.49,100,0,33.95,101.84,0.00,400.00,null,null,null
2023-08-10T21:37:10Z,23.75,74.48,100,0,34.03,101.84,0.00,400.00,null,null,null
2023-08-10T21:38:10Z,23.76,74.44,100,0,35.36,101.84,0.00,400.00,null,null,null
2023-08-10T21:39:10Z,23.76,74.44,100,0,34.29,101.84,0.00,400.00,null,null,null
2023-08-10T21:40:10Z,23.73,74.47,100,0,33.36,101.84,0.00,400.00,0,0,0
2023-08-10T21:41:10Z,23.76,74.47,99,0,33.85,101.84,5.00,438.00,null,null,null
2023-08-10T21:42:10Z,23.75,74.45,100,0,34.46,101.85,0.00,402.00,null,null,null
2023-08-10T21:43:10Z,23.73,74.43,100,0,34.21,101.84,0.00,400.00,null,null,null
2023-08-10T21:44:10Z,23.76,74.37,100,0,33.62,101.84,5.00,435.00,null,null,null
2023-08-10T21:45:10Z,23.76,74.30,100,0,33.30,101.84,0.00,400.00,0,0,0
2023-08-10T21:46:10Z,23.78,74.43,100,0,33.00,101.84,0.00,400.00,null,null,null
2023-08-10T21:47:10Z,23.76,74.38,100,0,33.19,101.84,0.00,400.00,null,null,null
2023-08-10T21:48:10Z,23.75,74.31,99,0,33.31,101.84,0.00,400.00,null,null,null
2023-08-10T21:49:10Z,23.73,74.40,99,0,35.10,101.84,0.00,400.00,null,null,null
2023-08-10T21:50:10Z,23.72,74.45,100,0,33.41,101.84,0.00,400.00,0,0,0
2023-08-10T21:51:10Z,23.76,74.53,100,0,33.86,101.84,5.00,435.00,null,null,null
2023-08-10T21:52:10Z,23.76,74.58,100,0,33.35,101.84,0.00,405.00,null,null,null
2023-08-10T21:53:10Z,23.73,74.59,100,0,35.17,101.83,0.00,405.00,null,null,null
2023-08-10T21:54:10Z,23.73,74.61,100,0,33.97,101.84,6.00,443.00,null,null,null
2023-08-10T21:55:10Z,23.75,74.60,100,0,33.53,101.83,6.00,443.00,0,0,0
2023-08-10T21:56:10Z,23.75,74.60,100,0,33.40,101.84,0.00,400.00,null,null,null
2023-08-10T21:57:10Z,23.73,74.57,100,0,33.93,101.83,0.00,405.00,null,null,null
2023-08-10T21:58:10Z,23.75,74.63,100,0,33.16,101.84,6.00,441.00,null,null,null
2023-08-10T21:59:10Z,23.75,74.58,100,0,33.40,101.83,0.00,405.00,null,null,null
2023-08-10T22:00:10Z,23.75,74.61,100,0,34.44,101.83,0.00,405.00,0,0,0
2023-08-10T22:01:10Z,23.76,74.58,100,0,33.27,101.83,0.00,400.00,null,null,null
2023-08-10T22:02:10Z,23.76,74.65,100,0,33.78,101.83,0.00,400.00,null,null,null
2023-08-10T22:03:10Z,23.76,74.68,100,0,33.26,101.83,0.00,400.00,null,null,null
2023-08-10T22:04:10Z,23.75,74.71,100,0,33.07,101.82,0.00,405.00,null,null,null
2023-08-10T22:05:10Z,23.73,74.67,100,0,34.61,101.82,0.00,405.00,0,0,0
2023-08-10T22:06:10Z,23.76,74.58,100,0,34.09,101.82,5.00,435.00,null,null,null
2023-08-10T22:07:10Z,23.76,74.55,100,0,33.28,101.82,0.00,405.00,null,null,null
2023-08-10T22:08:10Z,23.78,74.54,100,0,33.13,101.82,0.00,400.00,null,null,null
2023-08-10T22:09:10Z,23.76,74.53,100,0,33.65,101.81,0.00,400.00,null,null,null
2023-08-10T22:10:10Z,23.72,74.52,100,0,33.23,101.81,0.00,400.00,0,0,0
2023-08-10T22:11:10Z,23.75,74.56,100,0,33.52,101.82,5.00,435.00,null,null,null
2023-08-10T22:12:10Z,23.75,74.51,100,0,32.96,101.81,0.00,400.00,null,null,null
2023-08-10T22:13:10Z,23.73,74.51,100,0,33.87,101.81,0.00,400.00,null,null,null
2023-08-10T22:14:10Z,23.75,74.43,100,0,33.63,101.81,5.00,435.00,null,null,null
2023-08-10T22:15:10Z,23.72,74.51,100,0,33.63,101.81,0.00,400.00,0,0,0
2023-08-10T22:16:10Z,23.73,74.60,100,0,33.42,101.81,5.00,439.00,null,null,null
2023-08-10T22:17:10Z,23.76,74.55,100,0,33.05,101.80,5.00,439.00,null,null,null
2023-08-10T22:18:10Z,23.75,74.54,100,0,33.93,101.81,0.00,403.00,null,null,null
2023-08-10T22:19:10Z,23.76,74.54,100,0,33.38,101.80,0.00,403.00,null,null,null
2023-08-10T22:20:10Z,23.73,74.60,100,0,36.57,101.80,0.00,403.00,0,0,0
2023-08-10T22:21:10Z,23.75,74.52,100,0,33.43,101.80,5.00,439.00,null,null,null
2023-08-10T22:22:10Z,23.76,74.45,100,0,33.27,101.80,0.00,403.00,null,null,null
2023-08-10T22:23:10Z,23.75,74.53,99,0,33.30,101.80,0.00,403.00,null,null,null
2023-08-10T22:24:10Z,23.76,74.56,100,0,33.32,101.80,0.00,400.00,null,null,null
2023-08-10T22:25:10Z,23.72,74.59,100,0,33.62,101.80,0.00,400.00,0,0,0
2023-08-10T22:26:10Z,23.76,74.61,100,0,33.10,101.80,5.00,435.00,null,null,null
2023-08-10T22:27:10Z,23.75,74.52,100,0,33.97,101.80,0.00,400.00,null,null,null
2023-08-10T22:28:10Z,23.76,74.47,100,0,33.94,101.80,0.00,400.00,null,null,null
2023-08-10T22:29:10Z,23.73,74.49,100,0,34.11,101.79,0.00,400.00,null,null,null
2023-08-10T22:30:10Z,23.73,74.44,100,0,35.31,101.79,5.00,435.00,0,0,0
2023-08-10T22:31:10Z,23.76,74.47,100,0,33.25,101.79,5.00,435.00,null,null,null
2023-08-10T22:32:10Z,23.76,74.50,100,0,33.86,101.79,6.00,441.00,null,null,null
2023-08-10T22:33:10Z,23.73,74.50,100,0,33.41,101.79,0.00,405.00,null,null,null
2023-08-10T22:34:10Z,23.76,74.57,99,0,33.36,101.80,6.00,441.00,null,null,null
2023-08-10T22:35:10Z,23.73,74.59,100,0,34.34,101.80,0.00,405.00,0,0,0
2023-08-10T22:36:10Z,23.73,74.51,99,0,33.33,101.79,5.00,435.00,null,null,null
2023-08-10T22:37:10Z,23.75,74.44,100,0,33.22,101.79,6.00,441.00,null,null,null
2023-08-10T22:38:10Z,23.73,74.47,100,0,34.27,101.79,0.00,405.00,null,null,null
2023-08-10T22:39:10Z,23.75,74.53,100,0,34.34,101.80,6.00,441.00,null,null,null
2023-08-10T22:40:10Z,23.73,74.60,100,0,33.67,101.79,0.00,405.00,0,0,0
2023-08-10T22:41:10Z,23.75,74.66,100,0,33.35,101.79,5.00,435.00,null,null,null
2023-08-10T22:42:10Z,23.75,74.58,100,0,33.19,101.79,0.00,400.00,null,null,null
2023-08-10T22:43:10Z,23.75,74.50,100,0,33.15,101.80,0.00,400.00,null,null,null
2023-08-10T22:44:10Z,23.73,74.51,100,0,33.18,101.80,0.00,400.00,null,null,null
2023-08-10T22:45:10Z,23.71,74.58,100,0,32.95,101.81,6.00,441.00,0,0,0
2023-08-10T22:46:10Z,23.73,74.61,100,0,33.01,101.81,6.00,441.00,null,null,null
2023-08-10T22:47:10Z,23.76,74.56,100,0,33.63,101.81,6.00,441.00,null,null,null
2023-08-10T22:48:10Z,23.73,74.56,100,0,33.30,101.81,0.00,400.00,null,null,null
2023-08-10T22:49:10Z,23.73,74.52,100,0,33.28,101.81,6.00,441.00,null,null,null
2023-08-10T22:50:10Z,23.75,74.57,99,0,33.30,101.81,5.00,435.00,0,0,0
2023-08-10T22:51:10Z,23.73,74.43,99,0,33.95,101.82,0.00,400.00,null,null,null
2023-08-10T22:52:10Z,23.75,74.46,99,0,33.38,101.81,5.00,435.00,null,null,null
2023-08-10T22:53:10Z,23.73,74.33,100,0,33.93,101.81,0.00,400.00,null,null,null
2023-08-10T22:54:10Z,23.72,74.38,100,0,33.75,101.81,5.00,435.00,null,null,null
2023-08-10T22:55:10Z,23.73,74.40,100,0,33.30,101.81,5.00,435.00,0,0,0
2023-08-10T22:56:10Z,23.71,74.39,100,0,33.32,101.81,4.00,428.00,null,null,null
2023-08-10T22:57:10Z,23.75,74.35,100,0,32.98,101.80,5.00,435.00,null,null,null
2023-08-10T22:58:10Z,23.75,74.47,100,0,33.60,101.81,0.00,400.00,null,null,null
2023-08-10T22:59:10Z,23.73,74.51,100,0,33.47,101.81,0.00,400.00,null,null,null
2023-08-10T23:00:10Z,23.72,74.52,100,0,32.86,101.81,6.00,441.00,0,0,0
2023-08-10T23:01:10Z,23.72,74.53,100,0,33.21,101.81,6.00,441.00,null,null,null
2023-08-10T23:02:10Z,23.73,74.48,100,0,32.87,101.81,6.00,441.00,null,null,null
2023-08-10T23:03:10Z,23.71,74.50,100,0,34.65,101.82,6.00,441.00,null,null,null
2023-08-10T23:04:10Z,23.73,74.53,100,0,32.65,101.82,6.00,441.00,null,null,null
2023-08-10T23:05:10Z,23.73,74.52,99,0,34.20,101.81,6.00,441.00,0,0,0
2023-08-10T23:06:10Z,23.72,74.52,100,0,33.10,101.81,5.00,435.00,null,null,null
2023-08-10T23:07:10Z,23.73,74.42,100,0,33.79,101.81,5.00,435.00,null,null,null
2023-08-10T23:08:10Z,23.75,74.46,100,0,34.22,101.81,5.00,435.00,null,null,null
2023-08-10T23:09:10Z,23.72,74.48,100,0,33.31,101.81,0.00,400.00,null,null,null
2023-08-10T23:10:10Z,23.71,74.51,100,0,34.52,101.81,5.00,435.00,0,0,0
2023-08-10T23:11:10Z,23.75,74.50,100,0,33.30,101.81,5.00,435.00,null,null,null
2023-08-10T23:12:10Z,23.75,74.45,100,0,35.34,101.81,5.00,435.00,null,null,null
2023-08-10T23:13:10Z,23.72,74.42,100,0,33.16,101.81,0.00,405.00,null,null,null
2023-08-10T23:14:10Z,23.72,74.43,100,0,33.56,101.81,6.00,441.00,null,null,null
2023-08-10T23:15:10Z,23.71,74.48,99,0,33.90,101.81,6.00,441.00,0,0,0
2023-08-10T23:16:10Z,23.72,74.45,100,0,33.37,101.81,4.00,432.00,null,null,null
2023-08-10T23:17:10Z,23.73,74.42,100,0,32.83,101.81,5.00,435.00,null,null,null
2023-08-10T23:18:10Z,23.73,74.38,100,0,33.83,101.81,5.00,435.00,null,null,null
2023-08-10T23:19:10Z,23.72,74.36,99,0,33.73,101.81,5.00,435.00,null,null,null
2023-08-10T23:20:10Z,23.71,74.45,100,0,33.61,101.81,5.00,435.00,0,0,0
2023-08-10T23:21:10Z,23.72,74.42,99,0,33.43,101.81,4.00,432.00,null,null,null
2023-08-10T23:22:10Z,23.71,74.40,100,0,33.30,101.81,5.00,435.00,null,null,null
2023-08-10T23:23:10Z,23.75,74.42,100,0,33.73,101.81,5.00,435.00,null,null,null
2023-08-10T23:24:10Z,23.72,74.32,99,0,35.48,101.81,0.00,400.00,null,null,null
2023-08-10T23:25:10Z,23.69,74.33,100,0,34.06,101.81,5.00,435.00,0,0,0
2023-08-10T23:26:10Z,23.73,74.33,100,0,32.94,101.81,5.00,439.00,null,null,null
2023-08-10T23:27:10Z,23.72,74.37,100,0,33.65,101.81,5.00,439.00,null,null,null
2023-08-10T23:28:10Z,23.72,74.35,100,0,36.34,101.81,5.00,439.00,null,null,null
2023-08-10T23:29:10Z,23.71,74.33,100,0,33.42,101.81,5.00,439.00,null,null,null
2023-08-10T23:30:10Z,23.71,74.38,100,0,33.60,101.80,5.00,439.00,0,0,0
2023-08-10T23:31:10Z,23.72,74.38,100,0,33.18,101.80,5.00,435.00,null,null,null
2023-08-10T23:32:10Z,23.73,74.36,100,0,33.81,101.80,5.00,435.00,null,null,null
2023-08-10T23:33:10Z,23.72,74.35,100,0,33.99,101.80,5.00,439.00,null,null,null
2023-08-10T23:34:10Z,23.72,74.42,100,0,33.36,101.80,5.00,439.00,null,null,null
2023-08-10T23:35:10Z,23.71,74.42,100,0,33.19,101.79,5.00,435.00,0,0,0
2023-08-10T23:36:10Z,23.71,74.41,100,0,33.29,101.79,5.00,439.00,null,null,null
2023-08-10T23:37:10Z,23.71,74.32,100,0,33.03,101.79,5.00,439.00,null,null,null
2023-08-10T23:38:10Z,23.71,74.30,99,0,33.68,101.80,5.00,435.00,null,null,null
2023-08-10T23:39:10Z,23.71,74.30,100,0,37.74,101.79,5.00,435.00,null,null,null
2023-08-10T23:40:10Z,23.68,74.38,100,0,34.65,101.80,5.00,435.00,0,0,0
2023-08-10T23:41:10Z,23.69,74.43,100,0,33.65,101.80,5.00,435.00,null,null,null
2023-08-10T23:42:10Z,23.72,74.37,100,0,34.39,101.80,5.00,435.00,null,null,null
2023-08-10T23:43:10Z,23.72,74.33,100,0,33.56,101.80,5.00,435.00,null,null,null
2023-08-10T23:44:10Z,23.72,74.27,100,0,34.30,101.80,5.00,435.00,null,null,null
2023-08-10T23:45:10Z,23.69,74.42,100,0,33.51,101.80,5.00,435.00,0,0,0
2023-08-10T23:46:10Z,23.71,74.40,99,0,33.45,101.80,5.00,435.00,null,null,null
2023-08-10T23:47:10Z,23.71,74.43,100,0,35.71,101.80,5.00,435.00,null,null,null
2023-08-10T23:48:10Z,23.71,74.45,100,0,32.91,101.81,5.00,435.00,null,null,null
2023-08-10T23:49:10Z,23.69,74.43,100,0,33.50,101.80,5.00,435.00,null,null,null
2023-08-10T23:50:10Z,23.69,74.49,100,0,33.86,101.80,4.00,428.00,0,0,0
2023-08-10T23:51:10Z,23.69,74.45,100,0,32.97,101.80,4.00,428.00,null,null,null
2023-08-10T23:52:10Z,23.72,74.43,100,0,33.74,101.80,5.00,435.00,null,null,null
2023-08-10T23:53:10Z,23.71,74.49,100,0,35.21,101.80,5.00,435.00,null,null,null
2023-08-10T23:54:10Z,23.71,74.51,100,0,33.52,101.80,5.00,435.00,null,null,null
2023-08-10T23:55:10Z,23.68,74.49,100,0,33.99,101.81,5.00,439.00,0,0,0
2023-08-10T23:56:10Z,23.71,74.39,100,0,33.29,101.81,4.00,428.00,null,null,null
2023-08-10T23:57:10Z,23.69,74.25,99,0,33.34,101.81,4.00,428.00,null,null,null
2023-08-10T23:58:10Z,23.69,74.30,100,0,33.54,101.81,4.00,428.00,null,null,null
2023-08-10T23:59:10Z,23.71,74.22,100,0,33.42,101.81,4.00,428.00,null,null,null
